Project,Project URL,Category,Commit SHA,Checkout SHA,Module Path,Test File,Test Method,Fully Qualified Test Name,Runtime,Build Tool,Iterations Requested,Iterations Executed,Pass Count,Fail Count,Reproduced,Status,Error,Result JSON
OpenLCB_Java,https://github.com/openlcb/OpenLCB_Java,Async Wait,998c531c996458916eb8aadf5ff89c774862793c,998c531c996458916eb8aadf5ff89c774862793c,,test/org/openlcb/implementations/MemoryConfigurationServiceInterfaceTest.java,testReadWithTimeoutInterleaved,testReadWithTimeoutInterleaved,docker,maven,100,100,10,90,true,reproduced,,/Users/admin/Desktop/POLITO/Thesis/ HA-FlakyRepair/results/flakycat/OpenLCB_Java-testReadWithTimeoutInterleaved.json
appbase,https://github.com/epimorphics/appbase,Async Wait,451d4123b6045e9bc7eca92844e9224cde6f95f2,451d4123b6045e9bc7eca92844e9224cde6f95f2,,src/test/java/com/epimorphics/appbase/monitor/TestMonitor.java,testMonitor,testMonitor,docker,maven,100,1,0,1,false,dependency_error,[ERROR] Failed to execute goal on project appbase: Could not collect dependencies for project com.epimorphics:appbase:jar:0.0.4-SNAPSHOT,/Users/admin/Desktop/POLITO/Thesis/ HA-FlakyRepair/results/flakycat/appbase-testMonitor.json
cdap,https://github.com/cdapio/cdap,Async Wait,2ab1c22cd22c3baea23dffb5f2bbdc32e927112e,2ab1c22cd22c3baea23dffb5f2bbdc32e927112e,,cdap-gateway/src/test/java/co/cask/cdap/gateway/handlers/metrics/MetricsQueryTestRun.java,testingUserServiceGaugeMetrics,testingUserServiceGaugeMetrics,docker,maven,100,1,0,1,false,dependency_error,[ERROR] Failed to execute goal on project cdap-data-fabric: Could not collect dependencies for project co.cask.cdap:cdap-data-fabric:jar:3.0.0-SNAPSHOT,/Users/admin/Desktop/POLITO/Thesis/ HA-FlakyRepair/results/flakycat/cdap-testingUserServiceGaugeMetrics.json
okhttp,https://github.com/square/okhttp,Async Wait,5f26982c393177b6807537e499eee3e4e7a9d94e,5f26982c393177b6807537e499eee3e4e7a9d94e,,okhttp-tests/src/test/java/okhttp3/CallTest.java,legalToExecuteTwiceCloning_Async,legalToExecuteTwiceCloning_Async,docker,maven,100,100,0,100,false,always_fail,[ERROR] [ERROR] Some problems were encountered while processing the POMs:,/Users/admin/Desktop/POLITO/Thesis/ HA-FlakyRepair/results/flakycat/okhttp-legalToExecuteTwiceCloning_Async.json
okhttp,https://github.com/square/okhttp,Resource Leak,c13c8fa897b8f33198226db9ed7f9cf471cc624c,c13c8fa897b8f33198226db9ed7f9cf471cc624c,,okhttp-tests/src/test/java/okhttp3/internal/ws/WebSocketHttpTest.java,missingConnectionHeader,missingConnectionHeader,,,100,0,0,0,false,execution_error,"Command '['git', 'checkout', '-f', 'c13c8fa897b8f33198226db9ed7f9cf471cc624c']' returned non-zero exit status 128.",/Users/admin/Desktop/POLITO/Thesis/ HA-FlakyRepair/results/flakycat/okhttp-missingConnectionHeader.json
Hystrix,https://github.com/Netflix/Hystrix,Async Wait,4f693bf4ad2c298af842741c14f0e37c79537baa,4f693bf4ad2c298af842741c14f0e37c79537baa,,hystrix-core/src/test/java/com/netflix/hystrix/metric/consumer/HealthCountsStreamTest.java,testShortCircuited,testShortCircuited,docker,gradle,100,100,0,100,false,always_fail,FAILURE: Build failed with an exception.,/Users/admin/Desktop/POLITO/Thesis/ HA-FlakyRepair/results/flakycat/Hystrix-testShortCircuited.json
okhttp,https://github.com/square/okhttp,Async Wait,87bfe81744b407ddba3b6fc154949204af546ea5,87bfe81744b407ddba3b6fc154949204af546ea5,,okhttp-tests/src/test/java/okhttp3/DuplexTest.java,duplexWithRedirect,duplexWithRedirect,docker,gradle,100,100,0,100,false,always_fail,Downloading https://services.gradle.org/distributions/gradle-5.3-all.zip,/Users/admin/Desktop/POLITO/Thesis/ HA-FlakyRepair/results/flakycat/okhttp-duplexWithRedirect.json
okhttp,https://github.com/square/okhttp,async Wait,afec05a4790eab9335cfb622ca518cfbe2ec2d5e,afec05a4790eab9335cfb622ca518cfbe2ec2d5e,,okhttp-tests/src/test/java/okhttp3/internal/http2/HttpOverHttp2Test.java,recoverFromCancelReusesConnection,recoverFromCancelReusesConnection,docker,gradle,100,100,0,100,false,always_fail,Downloading https://services.gradle.org/distributions/gradle-5.3-all.zip,/Users/admin/Desktop/POLITO/Thesis/ HA-FlakyRepair/results/flakycat/okhttp-recoverFromCancelReusesConnection.json
Achilles,https://github.com/doanduyhai/Achilles,Async Wait,e0df1de64ab5e39bae530aa8cd1bda7017e7951e,e0df1de64ab5e39bae530aa8cd1bda7017e7951e,,integration-test-2_1/src/test/java/info/archinnov/achilles/it/TestEntityWithStaticAnnotations.java,should_insert_using_static_strategy_an_consistency_level,should_insert_using_static_strategy_an_consistency_level,docker,maven,100,100,0,100,false,always_fail,[WARNING] Error injecting: org.apache.felix.bundleplugin.ManifestPlugin,/Users/admin/Desktop/POLITO/Thesis/ HA-FlakyRepair/results/flakycat/Achilles-should_insert_using_static_strategy_an_consistency_level.json
togglz,https://github.com/togglz/togglz,Async Wait,e8eacd4de866354d0f92224a6897809727a18bd6,e8eacd4de866354d0f92224a6897809727a18bd6,,zookeeper/src/test/java/org/togglz/zookeeper/ZookeeperStateRepositoryTest.java,testZkNodeChangesUpdateFeatureState,testZkNodeChangesUpdateFeatureState,docker,maven,100,1,0,1,false,dependency_error,[ERROR] Failed to execute goal on project togglz-project: Could not collect dependencies for project org.togglz:togglz-project:pom:2.5.0-SNAPSHOT,/Users/admin/Desktop/POLITO/Thesis/ HA-FlakyRepair/results/flakycat/togglz-testZkNodeChangesUpdateFeatureState.json
dpnt-coverage,https://github.com/julianghionoiu/dpnt-coverage,Async Wait,f9909e5499f187914af5373613b32baba23e70c8,f9909e5499f187914af5373613b32baba23e70c8,,src/test/java/tdl/datapoint/coverage/CoverageDatapointAcceptanceTest.java,create_repo_and_uploads_commits,create_repo_and_uploads_commits,docker,gradle,100,100,0,100,false,always_fail,FAILURE: Build failed with an exception.,/Users/admin/Desktop/POLITO/Thesis/ HA-FlakyRepair/results/flakycat/dpnt-coverage-create_repo_and_uploads_commits.json
RxJava,https://github.com/ReactiveX/RxJava,Concurrency,dbfc9b746c94e0112e881ab278415d7f80354536,dbfc9b746c94e0112e881ab278415d7f80354536,,rxjava-core/src/test/java/rx/concurrency/TestSchedulers.java,testSchedulingWithDueTime,testSchedulingWithDueTime,docker,gradle,100,100,0,100,false,always_fail,Unzipping /root/.gradle/wrapper/dists/gradle-1.6-bin/72srdo3a5eb3bic159kar72vok/gradle-1.6-bin.zip to /root/.gradle/wrapper/dists/gradle-1.6-bin/72srdo3a5eb3bic159kar72vok,/Users/admin/Desktop/POLITO/Thesis/ HA-FlakyRepair/results/flakycat/RxJava-testSchedulingWithDueTime.json
RxJava,https://github.com/ReactiveX/RxJava,Concurrency,eadd43f007ff41b3cc73739ab58c4a7b7258aa39,eadd43f007ff41b3cc73739ab58c4a7b7258aa39,,src/test/java/rx/internal/operators/OperatorRetryTest.java,testRetryWithBackpressure,testRetryWithBackpressure,docker,gradle,100,100,0,100,false,always_fail,Downloading https://services.gradle.org/distributions/gradle-2.2.1-bin.zip,/Users/admin/Desktop/POLITO/Thesis/ HA-FlakyRepair/results/flakycat/RxJava-testRetryWithBackpressure.json
RxJava,https://github.com/ReactiveX/RxJava,Concurrency,cfa17ae1654305cc9d75a6f77413dd162b61f9fb,cfa17ae1654305cc9d75a6f77413dd162b61f9fb,,src/test/java/io/reactivex/internal/operators/observable/ObservableSwitchTest.java,outerInnerErrorRace,outerInnerErrorRace,,,100,0,0,0,false,execution_error,"Command '['git', 'checkout', '-f', 'cfa17ae1654305cc9d75a6f77413dd162b61f9fb']' returned non-zero exit status 128.",/Users/admin/Desktop/POLITO/Thesis/ HA-FlakyRepair/results/flakycat/RxJava-outerInnerErrorRace.json
storio,https://github.com/pushtorefresh/storio,Concurrency,d1a38925367d1d31dec4caaa9f2e644537db6294,d1a38925367d1d31dec4caaa9f2e644537db6294,,storio-sqlite/src/androidTest/java/com/pushtorefresh/storio/sqlite/impl/NotifyAboutChangesTest.java,notifyAboutChangesConcurrently,notifyAboutChangesConcurrently,docker,gradle,100,100,0,100,false,always_fail,FAILURE: Build failed with an exception.,/Users/admin/Desktop/POLITO/Thesis/ HA-FlakyRepair/results/flakycat/storio-notifyAboutChangesConcurrently.json
storio,https://github.com/pushtorefresh/storio,Test Case Timeout,9e53b4590370112fbac55a13533d17f788c59ca3,9e53b4590370112fbac55a13533d17f788c59ca3,,storio-sqlite/src/test/java/com/pushtorefresh/storio2/sqlite/integration/NotifyAboutChangesTest.java,shouldReceiveOneNotificationWithAllAffectedTablesInTransactionWithMultipleThreads,shouldReceiveOneNotificationWithAllAffectedTablesInTransactionWithMultipleThreads,docker,gradle,100,100,0,100,false,always_fail,Downloading https://services.gradle.org/distributions/gradle-3.5-bin.zip,/Users/admin/Desktop/POLITO/Thesis/ HA-FlakyRepair/results/flakycat/storio-shouldReceiveOneNotificationWithAllAffectedTablesInTransactionWithMultipleThreads.json
