Project URL,SHA Detected,Pytest Test Name (PathToFile::TestClass::TestMethod or PathToFile::TestMethod),Category,Status,PR Link,Notes
https://github.com/abeelen/nikamap,d39c488c89bf5d90fffe3c05580fc13551522ee5,nikamap/tests/test_nikamap.py::test_nikamap_write,NIO,Opened,https://github.com/abeelen/nikamap/pull/2,
https://github.com/actris-cloudnet/cloudnetpy,4caaec217c8e100fa2a11f76654917e0bd9560a7,tests/unit/test_meta_for_old_files.py::test_fix_old_data_2,NIO,Open,https://github.com/actris-cloudnet/cloudnetpy/pull/34,
https://github.com/actris-cloudnet/cloudnetpy,c6c728ae760a43e4efbd04d469d6fd1adbb1d1f7,tests/unit/test_util.py::test_l2_norm,NIO,Open,https://github.com/actris-cloudnet/cloudnetpy/pull/35,
https://github.com/agile4you/bottle-neck,ebc670a4b178255473d68e9b4122ba04e38f4810,test/test_routing.py::test_router_register_handler_fn_pass,NIO,Opened,https://github.com/agile4you/bottle-neck/pull/3,
https://github.com/AGTGreg/runium,ba89015859976d3426d25a53af5fa4d8827c7483,tests/test_runium.py::TestStartIn::test_processing,NOD,Unmaintained,,latest commit 2019/07/26
https://github.com/AGTGreg/runium,ba89015859976d3426d25a53af5fa4d8827c7483,tests/test_runium.py::TestTaskSkipping::test_processing,NOD,Unmaintained,,latest commit 2019/07/26
https://github.com/AguaClara/aguaclara,9ee3d1d007bc984b73b19520d48954b6d81feecc,tests/core/test_cache.py::test_ac_cache,NIO,,,
https://github.com/airbrake/pybrake,1f991a6a9812d57cf84f24b348a0044b419733bf,pybrake/test_celery_integration.py::test_celery_integration,NIO,Open,https://github.com/airbrake/pybrake/pull/165,
https://github.com/airbrake/pybrake,9bf82941d8bf521055b258cea91596a11e4eb81f,pybrake/test_celery_integration.py::test_celery_integration,NIO,Accepted,https://github.com/airbrake/pybrake/pull/163,
https://github.com/aluttik/kitsune,43824cccf46f433a71b30a7febc0e3500b831067,tests/test_kitsune.py::test_kitsune_printer_plain,NIO,Unmaintained,,latest commit 2018/11/19
https://github.com/aluttik/kitsune,43824cccf46f433a71b30a7febc0e3500b831067,tests/test_kitsune.py::test_kitsune_printer_plain tests/test_kitsune.py::test_kitsune_printer_rainbow,,Unmaintained,,pytest --flake-finder --flake-runs=2;latest commit 2018/11/19
https://github.com/bazaar-projects/docopt-ng,bbed40a2335686d2e14ac0e6c3188374dc4784da,tests/test_docopt_ng.py::test_docopt_ng_more_magic_global_arguments_and_dot_access,NIO,Opened,https://github.com/jazzband/docopt-ng/pull/20,
https://github.com/benchmark-urbanism/cityseer-api,7177d53256e24186329a95b5af712fc6a59ef4d9,cityseer-api/tests/algos/test_centrality.py::test_local_centrality_time,,,,pytest on univerisity VM
https://github.com/benjaminp/six,c0be8815d13df45b6ae471c4c436cce8c192245d,test_six.py::test_lazy,NIO,,,
https://github.com/bennymeg/Butter.MAS.PythonAPI,f86ebe75df3826f62a268645cdbe4400b43fab07,butter/mas/tests/clients/client_http_test.py::TestHttpClientApiMethods::testGetAvailableAnimations,NOD,,,
https://github.com/bennymeg/Butter.MAS.PythonAPI,f86ebe75df3826f62a268645cdbe4400b43fab07,butter/mas/tests/clients/client_http_test.py::TestHttpClientApiMethods::testGetAvailableHandlers,NOD,,,
https://github.com/bennymeg/Butter.MAS.PythonAPI,f86ebe75df3826f62a268645cdbe4400b43fab07,butter/mas/tests/clients/client_http_test.py::TestHttpClientApiMethods::testGetAvailableMotorRegisters,NOD,,,
https://github.com/bennymeg/Butter.MAS.PythonAPI,f86ebe75df3826f62a268645cdbe4400b43fab07,butter/mas/tests/clients/client_http_test.py::TestHttpClientApiMethods::testGetAvailableSounds,NOD,,,
https://github.com/bennymeg/Butter.MAS.PythonAPI,f86ebe75df3826f62a268645cdbe4400b43fab07,butter/mas/tests/clients/client_http_test.py::TestHttpClientApiMethods::testGetMotorRegister,NOD,,,
https://github.com/bennymeg/Butter.MAS.PythonAPI,f86ebe75df3826f62a268645cdbe4400b43fab07,butter/mas/tests/clients/client_http_test.py::TestHttpClientApiMethods::testGetMotorRegisterRange,NOD,,,
https://github.com/bennymeg/Butter.MAS.PythonAPI,f86ebe75df3826f62a268645cdbe4400b43fab07,butter/mas/tests/clients/client_http_test.py::TestHttpClientApiMethods::testMoveMotorInDirection,NOD,,,
https://github.com/bennymeg/Butter.MAS.PythonAPI,f86ebe75df3826f62a268645cdbe4400b43fab07,butter/mas/tests/clients/client_http_test.py::TestHttpClientApiMethods::testMoveMotorInTime,NOD,,,
https://github.com/bennymeg/Butter.MAS.PythonAPI,f86ebe75df3826f62a268645cdbe4400b43fab07,butter/mas/tests/clients/client_http_test.py::TestHttpClientApiMethods::testMoveMotorToPosition,NOD,,,
https://github.com/bennymeg/Butter.MAS.PythonAPI,f86ebe75df3826f62a268645cdbe4400b43fab07,butter/mas/tests/clients/client_http_test.py::TestHttpClientApiMethods::testPauseAnimation,NOD,,,
https://github.com/bennymeg/Butter.MAS.PythonAPI,f86ebe75df3826f62a268645cdbe4400b43fab07,butter/mas/tests/clients/client_http_test.py::TestHttpClientApiMethods::testPauseAudio,NOD,,,
https://github.com/bennymeg/Butter.MAS.PythonAPI,f86ebe75df3826f62a268645cdbe4400b43fab07,butter/mas/tests/clients/client_http_test.py::TestHttpClientApiMethods::testPlayAnimation,NOD,,,
https://github.com/bennymeg/Butter.MAS.PythonAPI,f86ebe75df3826f62a268645cdbe4400b43fab07,butter/mas/tests/clients/client_http_test.py::TestHttpClientApiMethods::testPlayAudio,NOD,,,
https://github.com/bennymeg/Butter.MAS.PythonAPI,f86ebe75df3826f62a268645cdbe4400b43fab07,butter/mas/tests/clients/client_http_test.py::TestHttpClientApiMethods::testResumeAnimation,NOD,,,
https://github.com/bennymeg/Butter.MAS.PythonAPI,f86ebe75df3826f62a268645cdbe4400b43fab07,butter/mas/tests/clients/client_http_test.py::TestHttpClientApiMethods::testResumeAudio,NOD,,,
https://github.com/bennymeg/Butter.MAS.PythonAPI,f86ebe75df3826f62a268645cdbe4400b43fab07,butter/mas/tests/clients/client_http_test.py::TestHttpClientApiMethods::testSetMotorRegister,NOD,,,
https://github.com/bennymeg/Butter.MAS.PythonAPI,f86ebe75df3826f62a268645cdbe4400b43fab07,butter/mas/tests/clients/client_http_test.py::TestHttpClientApiMethods::testStopAnimation,NOD,,,
https://github.com/bennymeg/Butter.MAS.PythonAPI,f86ebe75df3826f62a268645cdbe4400b43fab07,butter/mas/tests/clients/client_http_test.py::TestHttpClientApiMethods::testStopAudio,NOD,,,
https://github.com/bennymeg/Butter.MAS.PythonAPI,f86ebe75df3826f62a268645cdbe4400b43fab07,butter/mas/tests/clients/client_tcp_test.py::TestTcpClientApiMethods::testGetAvailableAnimations,NOD,,,
https://github.com/bennymeg/Butter.MAS.PythonAPI,f86ebe75df3826f62a268645cdbe4400b43fab07,butter/mas/tests/clients/client_tcp_test.py::TestTcpClientApiMethods::testGetAvailableHandlers,NOD,,,
https://github.com/bennymeg/Butter.MAS.PythonAPI,f86ebe75df3826f62a268645cdbe4400b43fab07,butter/mas/tests/clients/client_tcp_test.py::TestTcpClientApiMethods::testGetAvailableMotorRegisters,NOD,,,
https://github.com/bennymeg/Butter.MAS.PythonAPI,f86ebe75df3826f62a268645cdbe4400b43fab07,butter/mas/tests/clients/client_tcp_test.py::TestTcpClientApiMethods::testGetAvailableSounds,NOD,,,
https://github.com/bennymeg/Butter.MAS.PythonAPI,f86ebe75df3826f62a268645cdbe4400b43fab07,butter/mas/tests/clients/client_tcp_test.py::TestTcpClientApiMethods::testGetMotorRegister,NOD,,,
https://github.com/bennymeg/Butter.MAS.PythonAPI,f86ebe75df3826f62a268645cdbe4400b43fab07,butter/mas/tests/clients/client_tcp_test.py::TestTcpClientApiMethods::testGetMotorRegisterRange,NOD,,,
https://github.com/bennymeg/Butter.MAS.PythonAPI,f86ebe75df3826f62a268645cdbe4400b43fab07,butter/mas/tests/clients/client_tcp_test.py::TestTcpClientApiMethods::testMoveMotorInDirection,NOD,,,
https://github.com/bennymeg/Butter.MAS.PythonAPI,f86ebe75df3826f62a268645cdbe4400b43fab07,butter/mas/tests/clients/client_tcp_test.py::TestTcpClientApiMethods::testMoveMotorInTime,NOD,,,
https://github.com/bennymeg/Butter.MAS.PythonAPI,f86ebe75df3826f62a268645cdbe4400b43fab07,butter/mas/tests/clients/client_tcp_test.py::TestTcpClientApiMethods::testMoveMotorToPosition,NOD,,,
https://github.com/bennymeg/Butter.MAS.PythonAPI,f86ebe75df3826f62a268645cdbe4400b43fab07,butter/mas/tests/clients/client_tcp_test.py::TestTcpClientApiMethods::testPauseAnimation,NOD,,,
https://github.com/bennymeg/Butter.MAS.PythonAPI,f86ebe75df3826f62a268645cdbe4400b43fab07,butter/mas/tests/clients/client_tcp_test.py::TestTcpClientApiMethods::testPauseAudio,NOD,,,
https://github.com/bennymeg/Butter.MAS.PythonAPI,f86ebe75df3826f62a268645cdbe4400b43fab07,butter/mas/tests/clients/client_tcp_test.py::TestTcpClientApiMethods::testPlayAnimation,NOD,,,
https://github.com/bennymeg/Butter.MAS.PythonAPI,f86ebe75df3826f62a268645cdbe4400b43fab07,butter/mas/tests/clients/client_tcp_test.py::TestTcpClientApiMethods::testPlayAudio,NOD,,,
https://github.com/bennymeg/Butter.MAS.PythonAPI,f86ebe75df3826f62a268645cdbe4400b43fab07,butter/mas/tests/clients/client_tcp_test.py::TestTcpClientApiMethods::testResumeAnimation,NOD,,,
https://github.com/bennymeg/Butter.MAS.PythonAPI,f86ebe75df3826f62a268645cdbe4400b43fab07,butter/mas/tests/clients/client_tcp_test.py::TestTcpClientApiMethods::testResumeAudio,NOD,,,
https://github.com/bennymeg/Butter.MAS.PythonAPI,f86ebe75df3826f62a268645cdbe4400b43fab07,butter/mas/tests/clients/client_tcp_test.py::TestTcpClientApiMethods::testSetMotorRegister,NOD,,,
https://github.com/bennymeg/Butter.MAS.PythonAPI,f86ebe75df3826f62a268645cdbe4400b43fab07,butter/mas/tests/clients/client_tcp_test.py::TestTcpClientApiMethods::testStopAnimation,NOD,,,
https://github.com/bennymeg/Butter.MAS.PythonAPI,f86ebe75df3826f62a268645cdbe4400b43fab07,butter/mas/tests/clients/client_tcp_test.py::TestTcpClientApiMethods::testStopAudio,NOD,,,
https://github.com/bennymeg/Butter.MAS.PythonAPI,f86ebe75df3826f62a268645cdbe4400b43fab07,butter/mas/tests/clients/client_udp_test.py::TestUdpClientApiMethods::testGetAvailableAnimations,NOD,,,
https://github.com/bennymeg/Butter.MAS.PythonAPI,f86ebe75df3826f62a268645cdbe4400b43fab07,butter/mas/tests/clients/client_udp_test.py::TestUdpClientApiMethods::testGetAvailableHandlers,NOD,,,
https://github.com/bennymeg/Butter.MAS.PythonAPI,f86ebe75df3826f62a268645cdbe4400b43fab07,butter/mas/tests/clients/client_udp_test.py::TestUdpClientApiMethods::testGetAvailableMotorRegisters,NOD,,,
https://github.com/bennymeg/Butter.MAS.PythonAPI,f86ebe75df3826f62a268645cdbe4400b43fab07,butter/mas/tests/clients/client_udp_test.py::TestUdpClientApiMethods::testGetAvailableSounds,NOD,,,
https://github.com/bennymeg/Butter.MAS.PythonAPI,f86ebe75df3826f62a268645cdbe4400b43fab07,butter/mas/tests/clients/client_udp_test.py::TestUdpClientApiMethods::testGetMotorRegister,NOD,,,
https://github.com/bennymeg/Butter.MAS.PythonAPI,f86ebe75df3826f62a268645cdbe4400b43fab07,butter/mas/tests/clients/client_udp_test.py::TestUdpClientApiMethods::testMoveMotorInDirection,NOD,,,
https://github.com/bennymeg/Butter.MAS.PythonAPI,f86ebe75df3826f62a268645cdbe4400b43fab07,butter/mas/tests/clients/client_udp_test.py::TestUdpClientApiMethods::testMoveMotorInTime,NOD,,,
https://github.com/bennymeg/Butter.MAS.PythonAPI,f86ebe75df3826f62a268645cdbe4400b43fab07,butter/mas/tests/clients/client_udp_test.py::TestUdpClientApiMethods::testMoveMotorToPosition,NOD,,,
https://github.com/bennymeg/Butter.MAS.PythonAPI,f86ebe75df3826f62a268645cdbe4400b43fab07,butter/mas/tests/clients/client_udp_test.py::TestUdpClientApiMethods::testPauseAnimation,NOD,,,
https://github.com/bennymeg/Butter.MAS.PythonAPI,f86ebe75df3826f62a268645cdbe4400b43fab07,butter/mas/tests/clients/client_udp_test.py::TestUdpClientApiMethods::testPauseAudio,NOD,,,
https://github.com/bennymeg/Butter.MAS.PythonAPI,f86ebe75df3826f62a268645cdbe4400b43fab07,butter/mas/tests/clients/client_udp_test.py::TestUdpClientApiMethods::testPlayAnimation,NOD,,,
https://github.com/bennymeg/Butter.MAS.PythonAPI,f86ebe75df3826f62a268645cdbe4400b43fab07,butter/mas/tests/clients/client_udp_test.py::TestUdpClientApiMethods::testPlayAudio,NOD,,,
https://github.com/bennymeg/Butter.MAS.PythonAPI,f86ebe75df3826f62a268645cdbe4400b43fab07,butter/mas/tests/clients/client_udp_test.py::TestUdpClientApiMethods::testResumeAnimation,NOD,,,
https://github.com/bennymeg/Butter.MAS.PythonAPI,f86ebe75df3826f62a268645cdbe4400b43fab07,butter/mas/tests/clients/client_udp_test.py::TestUdpClientApiMethods::testResumeAudio,NOD,,,
https://github.com/bennymeg/Butter.MAS.PythonAPI,f86ebe75df3826f62a268645cdbe4400b43fab07,butter/mas/tests/clients/client_udp_test.py::TestUdpClientApiMethods::testSetMotorRegister,NOD,,,
https://github.com/bennymeg/Butter.MAS.PythonAPI,f86ebe75df3826f62a268645cdbe4400b43fab07,butter/mas/tests/clients/client_udp_test.py::TestUdpClientApiMethods::testStopAnimation,NOD,,,
https://github.com/bennymeg/Butter.MAS.PythonAPI,f86ebe75df3826f62a268645cdbe4400b43fab07,butter/mas/tests/clients/client_udp_test.py::TestUdpClientApiMethods::testStopAudio,NOD,,,
https://github.com/bpepple/metron-tagger,2be176293218fa101dd84c95c72b8ae646b2731a,tests/test_taggerlib_filesorter.py::test_sort_comic,NIO,Accepted,https://github.com/bpepple/metron-tagger/pull/46,
https://github.com/Burnysc2/python-sc2,78d2ebe5c87aa9abc1e8a505f095ccd5e9dec358,test/test_pickled_data.py::test_bot_ai,NIO,Accepted,https://github.com/BurnySc2/python-sc2/pull/109,
https://github.com/butla/mountepy,796595f0011cc4a62cd7796dd71c3681008a4731,tests/test_http_service.py::test_service_env_from_parent,,Unmaintained,,pytest --flake-finder --flake-runs=2;latest commit 2019/01/30
https://github.com/cahoy/NestedDictionary,881f0ea8af36a60fcd1b9d7a84b1aec4cd7072b2,easy_dict/tests/test_01_default.py::test_del,,Unmaintained,,pytest --flake-finder --flake-runs=2 or pytest --randomly-seed=1234;latest commit 2016/06/24
https://github.com/casamagalhaes/panamah-sdk-python,746f3fb7ebcf01810917bf9afa8e7ff5a4efad21,tests/test_processor.py::TestStream::test_expiration_by_max_age,NOD,RepoArchived,,
https://github.com/casamagalhaes/panamah-sdk-python,746f3fb7ebcf01810917bf9afa8e7ff5a4efad21,tests/test_processor.py::TestStream::test_expiration_by_max_length,NOD,RepoArchived,,
https://github.com/casamagalhaes/panamah-sdk-python,746f3fb7ebcf01810917bf9afa8e7ff5a4efad21,tests/test_processor.py::TestStream::test_expiration_by_max_size,NOD,RepoArchived,,
https://github.com/casamagalhaes/panamah-sdk-python,746f3fb7ebcf01810917bf9afa8e7ff5a4efad21,tests/test_processor.py::TestStream::test_get_pending_resources,NOD,RepoArchived,,
https://github.com/casamagalhaes/panamah-sdk-python,746f3fb7ebcf01810917bf9afa8e7ff5a4efad21,tests/test_processor.py::TestStream::test_recover_failures,NOD,RepoArchived,,
https://github.com/casamagalhaes/panamah-sdk-python,746f3fb7ebcf01810917bf9afa8e7ff5a4efad21,tests/test_processor.py::TestStream::test_requesting_pending_resources,NOD,RepoArchived,,
https://github.com/casamagalhaes/panamah-sdk-python,746f3fb7ebcf01810917bf9afa8e7ff5a4efad21,tests/test_stream.py::TestStream::test_events,NOD,RepoArchived,,
https://github.com/cdent/gabbi,8fbd5473efa2dbb65f327f823d66cb0c76931288,gabbi/tests/test_inner_fixture.py::test_pytest,,,,pytest --flake-finder --flake-runs=2
https://github.com/chakki-works/chazutsu,52b2f8acaac1b6c7eab97dded1a1757d3adcefa7,tests/test_movie_review.py::test_download,NOD,Open,https://github.com/chakki-works/chazutsu/pull/13,
https://github.com/chaosmail/python-fs,19597eeff0c5fdfaef59bb5b9c15ce9f58476bfc,fs/tests/test_addpath.py::test_addpath,NIO,Open,https://github.com/chaosmail/python-fs/pull/12,
https://github.com/chaosmail/python-fs,2567922ced9387e327e65f3244caff3b7af35684,fs/tests/test_addpath.py::test_addpath,NIO,Unmaintained,,latest commit 2022/02/27
https://github.com/chaosmail/python-fs,2567922ced9387e327e65f3244caff3b7af35684,fs/tests/test_mkdir.py::test_mkdir,NIO,Accepted,https://github.com/chaosmail/python-fs/pull/9,
https://github.com/chaosmail/python-fs,2567922ced9387e327e65f3244caff3b7af35684,fs/tests/test_mkdir.py::test_mkdir_recursive,NIO,Accepted,https://github.com/chaosmail/python-fs/pull/9,
https://github.com/chaosmail/python-fs,2567922ced9387e327e65f3244caff3b7af35684,fs/tests/test_rename.py::test_rename_directory,NIO,Accepted,https://github.com/chaosmail/python-fs/pull/9,
https://github.com/chaosmail/python-fs,2567922ced9387e327e65f3244caff3b7af35684,fs/tests/test_rename.py::test_rename_file,NIO,Accepted,https://github.com/chaosmail/python-fs/pull/9,
https://github.com/chaosmail/python-fs,2567922ced9387e327e65f3244caff3b7af35684,fs/tests/test_touch.py::test_touch_on_new_file,NIO,Accepted,https://github.com/chaosmail/python-fs/pull/9,
https://github.com/chie8842/expstock,28b7ece83fa601efd2b6c4b8b7bdd1a3b9ebc1df,expstock/test_expstock.py::test_append_param,NIO,Opened,https://github.com/chie8842/expstock/pull/18,
https://github.com/chinapandaman/PyPDFForm,fcc1b297005a39900c1f928f602cbc5f38a1d60e,tests/unit/test_font.py::test_register_font_and_is_registered,NIO,Accepted,https://github.com/chinapandaman/PyPDFForm/pull/254,
https://github.com/chinapnr/fishbase,73ae6701eee5d1bdd31a3e7b4d86fa11de9b6522,test_common.py::TestFishCommon::test_yaml_conf_as_dict_01,NOD,Open,https://github.com/chinapnr/fishbase/pull/302,
https://github.com/CitrineInformatics/citrine-python,cf2ec34cad3f1ff44478cad44e4918d7925cba25,tests/_util/test_functions.py::test_shadow_classes_in_module,NIO,Accepted,https://github.com/CitrineInformatics/citrine-python/pull/690,
https://github.com/clapeyre/h5nav,1c866a5085f1605a51064f5642e91d3682f8f572,tests/test_cli.py::test_cat,ID,Opened,https://github.com/clapeyre/h5nav/pull/7,
https://github.com/codemagic-ci-cd/cli-tools,eb59b658978ca30df8cc0c24c2c328a292b81021,tests/models/test_certificate.py::test_create_certificate_signing_request,,,,pytest on univerisity VM
https://github.com/ConSou/devtracker,ea892d6d48aa5d4627b429469b59ae3f0ce7f10f,devtracker/test_devtracker.py::test_end_time_total,NIO,Unmaintained,,latest commit 2019/03/27
https://github.com/ConSou/devtracker,ea892d6d48aa5d4627b429469b59ae3f0ce7f10f,devtracker/test_devtracker.py::test_full_report,NOD,Unmaintained,,latest commit 2019/03/27
https://github.com/ConSou/devtracker,ea892d6d48aa5d4627b429469b59ae3f0ce7f10f,devtracker/test_devtracker.py::test_make_project_csv_initalize,NOD,Unmaintained,,latest commit 2019/03/27
https://github.com/ConSou/devtracker,ea892d6d48aa5d4627b429469b59ae3f0ce7f10f,devtracker/test_devtracker.py::test_remove,NIO,Unmaintained,,latest commit 2019/03/27
https://github.com/ConSou/devtracker,ea892d6d48aa5d4627b429469b59ae3f0ce7f10f,devtracker/test_devtracker.py::test_start_time,NOD,Unmaintained,,latest commit 2019/03/27
https://github.com/crazyscientist/osc-tiny,a1ec7de6633a3067b0d2b3706efcab99e091720f,osctiny/tests/test_issues.py::TestIssue::test_get,,,,pytest --randomly-seed=123
https://github.com/crumpstrr33/Utter-More,418cf5f5ef337700bf0897e746eff8bb275e6da6,test/test_utter_more.py::test_ibu_aut,NIO,Opened,https://github.com/crumpstrr33/Utter-More/pull/1,
https://github.com/CyberZHG/keras-layer-normalization,077dc72b6bae1a0551c3b879557478b587be340d,tests/test_layer_normalization.py,ID,Accepted,https://github.com/CyberZHG/keras-layer-normalization/pull/4,RepoArchived
https://github.com/CyberZHG/keras-transformer,52a3fa27d5598eca23be9031fc67a011d42cbefb,tests/test_get_model.py,ID,Accepted,https://github.com/CyberZHG/keras-transformer/pull/42,RepoArchived
https://github.com/d4nuu8/krllint,2f9376cdae14c201364d9c31b4c19a8ff2f708d2,tests/test_lower_or_mixed_case_built_in_type.py::LowerOrMixedCaseBuiltInTestCase::test_rule_without_fix,,Unmaintained,,pytest --randomly-seed=1234;latest commit 2019/03/02
https://github.com/daknuett/ljson,1d3dc13001d9d2f61bcfbf9d5c5b16d44fb8076e,test/test_ljson_mem.py::test_unique_check,NIO,Accepted,https://github.com/daknuett/ljson/pull/4,
https://github.com/DanielSank/observed,d99fb99ff2a470a86efb2763685e8e2c021e799f,observed_test.py::TestBasics::test_discard,NIO,Accepted,https://github.com/DanielSank/observed/pull/24,
https://github.com/davidhalter/parso,6ae0efa415c9790000dba70f87e6ece20d6a4101,test/test_cache.py::test_permission_error,NIO,Accepted,https://github.com/davidhalter/parso/pull/195,
https://github.com/demisto/demisto-sdk,925303e5c54fc3dda985ef19b6d56a956d189f69,demisto_sdk/commands/secrets/tests/secrets_test.py::TestSecrets::test_two_files_with_same_name,NIO,Opened,https://github.com/demisto/demisto-sdk/pull/1574,
https://github.com/den4uk/jsonextra,b548d607e8f196e1e1c456666e4f15f579762ecf,tests/test_jsonextra.py::test_disable_rex,NIO,InspiredAFix,https://github.com/den4uk/jsonextra/pull/10,
https://github.com/den4uk/jsonextra,e82c2e873b4d9c8105fd4e5ed43e7fae4fe6bc2c,tests/test_jsonextra.py::test_disable_rex,NIO,InspiredAFix,https://github.com/den4uk/jsonextra/pull/9,
https://github.com/DevKeh/redisqueue,feac4dfc30837e0ab1a55a8479443ea74b2793f2,tests/test_redisqueue.py::test_mock_queue_connection,NIO,Opened,https://github.com/jkehler/redisqueue/pull/3,
https://github.com/didix21/mdutils,9cc2a5cfc86a052f987feddcee7f37a4349fb8de,tests/test_mdutils.py::TestMdUtils,,,,pytest --flake-finder --flake-runs=2 or pytest --randomly-seed=1234
https://github.com/django-beam/django-beam,43b2111f5c65937aa1e2cc9704b59796e982a805,tests/test_contrib_reversion.py::test_revision_is_visible_in_list,NOD,,,
https://github.com/django-beam/django-beam,43b2111f5c65937aa1e2cc9704b59796e982a805,tests/test_contrib_reversion.py::test_show_detail_from_previous_version,NOD,,,
https://github.com/django-beam/django-beam,43b2111f5c65937aa1e2cc9704b59796e982a805,tests/test_views.py::test_delete,NOD,,,
https://github.com/django-beam/django-beam,43b2111f5c65937aa1e2cc9704b59796e982a805,tests/test_views.py::test_delete_protected_not_allowed,NOD,,,
https://github.com/django-beam/django-beam,43b2111f5c65937aa1e2cc9704b59796e982a805,tests/test_views.py::test_delete_shows_related,NOD,,,
https://github.com/django-beam/django-beam,43b2111f5c65937aa1e2cc9704b59796e982a805,tests/test_views.py::test_detail,NOD,,,
https://github.com/django-beam/django-beam,43b2111f5c65937aa1e2cc9704b59796e982a805,tests/test_views.py::test_list,NOD,,,
https://github.com/django-beam/django-beam,43b2111f5c65937aa1e2cc9704b59796e982a805,tests/test_views.py::test_list_search,NOD,,,
https://github.com/django-beam/django-beam,43b2111f5c65937aa1e2cc9704b59796e982a805,tests/test_views.py::test_list_sort,NOD,,,
https://github.com/django-beam/django-beam,43b2111f5c65937aa1e2cc9704b59796e982a805,tests/test_views.py::test_only_popup_param_is_preserved_in_detail_links,NOD,,,
https://github.com/django-beam/django-beam,43b2111f5c65937aa1e2cc9704b59796e982a805,tests/test_views.py::test_update,NOD,,,
https://github.com/djrobstep/logx,c53fabbc160fb8d70fa878684ea36f0c22fd5caa,tests/test_logx.py::test_formatted_output tests/test_logx.py::test_plain_output,,Unmaintained,,pytest --randomly-seed=1234;latest commit 2020/01/17
https://github.com/dmuhs/mythx-cli,defc59e2a8732a6e2e550ac62ded5a46c32a780b,tests/test_path_sanitize.py::test_sanitize_ast,,Unmaintained,,pytest --flake-finder --flake-runs=2;latest commit 2022/09/13
https://github.com/dowjones/tokendito,f5d8e5171ddcca0c62925263ddb80535f51aded3,tests/functional_test.py::test_package_exists,NOD,,,
https://github.com/dowjones/tokendito,f5d8e5171ddcca0c62925263ddb80535f51aded3,tests/functional_test.py::test_version[runnable2],NOD,,,
https://github.com/drtexx/volux,c41339aceeab4295967ea88b2edd05d0d456b2ce,tests/test_operator.py::Test_operator::test_add_module,NIO,Opened,https://github.com/DrTexx/Volux/pull/37,
https://github.com/drtexx/volux,c41339aceeab4295967ea88b2edd05d0d456b2ce,tests/test_operator.py::Test_operator::test_remove_missing_module,NIO,Accepted,https://github.com/DrTexx/Volux/pull/36,
https://github.com/earthreader/libearth,71d2f3246eb0b6a3668a64e2242616d20b1d7dcd,tests/repository_test.py::test_repository tests/stage_test.py::test_set_dir_route,,Unmaintained,,pytest --flake-finder --flake-runs=2;latest commit 2016/04/17
https://github.com/earthreader/libearth,71d2f3246eb0b6a3668a64e2242616d20b1d7dcd,tests/stage_test.py::test_set_dir_route,NIO,Unmaintained,,latest commit 2016/04/17
https://github.com/edasi/kool,efe847a05c1a07af5eddeeeb700fdefcb6c9ced9,tests/contrib/quizzes/test_question.py::TestQuestion::test_add_choices,NOD,Opened,https://github.com/edasi/kool/pull/51,
https://github.com/EPAENERGYSTAR/epathermostat,98aaf571fe8e15e1a372567776081fd9dae7e872,tests/test_core.py::test_multiple_same_key,NIO,DevelopersDoNotWantFix,https://github.com/EPAENERGYSTAR/epathermostat/pull/33,
https://github.com/epsagon/epsagon-python,15ab5c9f5c7dda93f546e20aded715f85a1dea3c,tests/test_transports.py::test_httptransport_timeout,UD,RepoArchived,,
https://github.com/epsagon/epsagon-python,b985d8412848f9a0c98e2f15ae0967a6dba3517f,tests/wrappers/test_python_function.py::test_python_wrapper_python_runner_factory_failed,NIO,Accepted,https://github.com/epsagon/epsagon-python/pull/378,RepoArchived
https://github.com/ericmjl/nxviz,d2a2a622e834148a9f4337dbe1021a05c5f18548,tests/test_geometry.py::test_correct_negative_angle,NOD,,,
https://github.com/ericmjl/nxviz,d2a2a622e834148a9f4337dbe1021a05c5f18548,tests/test_plots.py::test_matrix_plot,NOD,,,
https://github.com/eth-cscs/reframe,576eb3f1dcc015d1e6d7a10602c748d4f810da68,unittests/test_cli.py::test_check_success,NOD,,,
https://github.com/eth-cscs/reframe,576eb3f1dcc015d1e6d7a10602c748d4f810da68,unittests/test_cli.py::test_performance_check_failure,NOD,,,
https://github.com/eth-cscs/reframe,576eb3f1dcc015d1e6d7a10602c748d4f810da68,unittests/test_cli.py::test_skip_system_check_option,NOD,,,
https://github.com/eth-cscs/reframe,576eb3f1dcc015d1e6d7a10602c748d4f810da68,unittests/test_config.py::test_convert_old_config,NIO,,,
https://github.com/eth-cscs/reframe,576eb3f1dcc015d1e6d7a10602c748d4f810da68,unittests/test_dependencies.py::test_build_deps_unknown_test,NOD,,,
https://github.com/eth-cscs/reframe,576eb3f1dcc015d1e6d7a10602c748d4f810da68,unittests/test_dependencies.py::test_toposort_subgraph,NOD,,,
https://github.com/eth-cscs/reframe,576eb3f1dcc015d1e6d7a10602c748d4f810da68,unittests/test_policies.py::test_concurrency_unlimited,NOD,,,
https://github.com/eth-cscs/reframe,576eb3f1dcc015d1e6d7a10602c748d4f810da68,unittests/test_policies.py::test_dependencies[AsynchronousExecutionPolicy],NOD,,,
https://github.com/eth-cscs/reframe,576eb3f1dcc015d1e6d7a10602c748d4f810da68,unittests/test_policies.py::test_dependencies_with_retries[AsynchronousExecutionPolicy],NOD,,,
https://github.com/eth-cscs/reframe,576eb3f1dcc015d1e6d7a10602c748d4f810da68,unittests/test_policies.py::test_kbd_interrupt_in_wait_with_concurrency,NOD,,,
https://github.com/eth-cscs/reframe,576eb3f1dcc015d1e6d7a10602c748d4f810da68,unittests/test_policies.py::test_pass_in_retries[AsynchronousExecutionPolicy],NOD,,,
https://github.com/eth-cscs/reframe,576eb3f1dcc015d1e6d7a10602c748d4f810da68,unittests/test_policies.py::test_pass_in_retries[SerialExecutionPolicy],NOD,,,
https://github.com/eth-cscs/reframe,576eb3f1dcc015d1e6d7a10602c748d4f810da68,unittests/test_policies.py::test_retries_bad_check[AsynchronousExecutionPolicy],NOD,,,
https://github.com/eth-cscs/reframe,576eb3f1dcc015d1e6d7a10602c748d4f810da68,unittests/test_policies.py::test_retries_bad_check[SerialExecutionPolicy],NOD,,,
https://github.com/eth-cscs/reframe,576eb3f1dcc015d1e6d7a10602c748d4f810da68,unittests/test_policies.py::test_runall[AsynchronousExecutionPolicy],NOD,,,
https://github.com/eth-cscs/reframe,576eb3f1dcc015d1e6d7a10602c748d4f810da68,unittests/test_policies.py::test_runall[SerialExecutionPolicy],NOD,,,
https://github.com/eth-cscs/reframe,576eb3f1dcc015d1e6d7a10602c748d4f810da68,unittests/test_policies.py::test_runall_skip_performance_check[AsynchronousExecutionPolicy],NOD,,,
https://github.com/eth-cscs/reframe,576eb3f1dcc015d1e6d7a10602c748d4f810da68,unittests/test_policies.py::test_runall_skip_performance_check[SerialExecutionPolicy],NOD,,,
https://github.com/eth-cscs/reframe,576eb3f1dcc015d1e6d7a10602c748d4f810da68,unittests/test_policies.py::test_runall_skip_prgenv_check[AsynchronousExecutionPolicy],NOD,,,
https://github.com/eth-cscs/reframe,576eb3f1dcc015d1e6d7a10602c748d4f810da68,unittests/test_policies.py::test_runall_skip_prgenv_check[SerialExecutionPolicy],NOD,,,
https://github.com/eth-cscs/reframe,576eb3f1dcc015d1e6d7a10602c748d4f810da68,unittests/test_policies.py::test_runall_skip_sanity_check[AsynchronousExecutionPolicy],NOD,,,
https://github.com/eth-cscs/reframe,576eb3f1dcc015d1e6d7a10602c748d4f810da68,unittests/test_policies.py::test_runall_skip_sanity_check[SerialExecutionPolicy],NOD,,,
https://github.com/eth-cscs/reframe,576eb3f1dcc015d1e6d7a10602c748d4f810da68,unittests/test_policies.py::test_runall_skip_system_check[AsynchronousExecutionPolicy],NOD,,,
https://github.com/eth-cscs/reframe,576eb3f1dcc015d1e6d7a10602c748d4f810da68,unittests/test_policies.py::test_runall_skip_system_check[SerialExecutionPolicy],NOD,,,
https://github.com/eth-cscs/reframe,576eb3f1dcc015d1e6d7a10602c748d4f810da68,unittests/test_policies.py::test_sigterm_handling[AsynchronousExecutionPolicy],NOD,,,
https://github.com/eth-cscs/reframe,576eb3f1dcc015d1e6d7a10602c748d4f810da68,unittests/test_policies.py::test_strict_performance_check[AsynchronousExecutionPolicy],NOD,,,
https://github.com/eth-cscs/reframe,576eb3f1dcc015d1e6d7a10602c748d4f810da68,unittests/test_policies.py::test_strict_performance_check[SerialExecutionPolicy],NOD,,,
https://github.com/ferdinandvwyk/pyfilm,20688f59536c713650516f09e1873fcb5b506a17,tests/test_pyfilm.py::TestClass::test_calculate_cbar_ticks,NOD,Unmaintained,,latest commit 2021/03/14
https://github.com/fifman/tangle,a36cff74d7f09bf8f24a91929b844ea1be7b1bcd,tests/test_bean.py::test_instance,NOD,Unmaintained,,latest commit 2017/10/13
https://github.com/fifman/tangle,a36cff74d7f09bf8f24a91929b844ea1be7b1bcd,tests/test_context.py::test_aspect,NIO,Unmaintained,,latest commit 2017/10/13
https://github.com/filestack/filestack-python,bfd98e91d3300d2fbae0569acb4863f9e77358cd,tests/intelligent_ingestion_test.py,,,,pytest --flake-finder --flake-runs=2
https://github.com/filestack/filestack-python,1bd6749735e5c78dde767e0685ddfdf0cd7423e2,tests/intelligent_ingestion_test.py::test_upload_part_with_resize,NIO,,,
https://github.com/fooof-tools/fooof,14d6196e0b60c7e6da95b5cf858b20adcc5fc0ac,fooof/tests/utils/test_download.py::test_check_data_file,NOD,Rejected,https://github.com/fooof-tools/fooof/pull/242,pytest --flake-finder --flake-runs=2
https://github.com/FoteinosMerg/pymerkle,5318009e04b2ae44e194b8435ef181aa67ab8b9a,tests/tree/test_structure.py::test_1_leaves,NIO,,,
https://github.com/gdoumenc/coworks,c574654a1e3d1cd4ad56b6f5912631230c37fdf3,tests/example/test_example.py::TestClass::test_simple_example,NIO,Deleted,,
https://github.com/gdoumenc/coworks,c574654a1e3d1cd4ad56b6f5912631230c37fdf3,tests/src/cws/test_scons.py::TestClass::test_zip,NIO,Deleted,,
https://github.com/giganticode/dataprep,bb1d3731a39d221f2a037aaadc747a29a5e76c8d,tests/infrastructure/test_bperegistry.py::test_none,NIO,Unmaintained,,latest commit 2021/04/21
https://github.com/goodmami/penman,7770dfe14b3d0d197cedc6640f3ff7e3bd695726,tests/test_layout.py::test_rearrange,NOD,Accepted,https://github.com/goodmami/penman/pull/102,
https://github.com/goodmami/penman,e83cf6d006724d72a3e19a955aad94412da912b7,tests/test_layout.py::test_rearrange,NIO,,,
https://github.com/goodmami/penman,e83cf6d006724d72a3e19a955aad94412da912b7,tests/test_layout.py::test_rearrange,NOD,,,
https://github.com/grabbles/grabbit,83ff93df36019eaaee9d4e31f816a518e46cae07,grabbit/tests/test_core.py::TestLayout::test_init_with_exclude_arg[local],NOD,,,
https://github.com/grabbles/grabbit,83ff93df36019eaaee9d4e31f816a518e46cae07,grabbit/tests/test_core.py::TestLayout::test_init_with_include_arg[local],NOD,,,
https://github.com/grabbles/grabbit,83ff93df36019eaaee9d4e31f816a518e46cae07,grabbit/tests/test_core.py::TestLayout::test_natsort[local],NOD,,,
https://github.com/grabbles/grabbit,83ff93df36019eaaee9d4e31f816a518e46cae07,grabbit/tests/test_core.py::TestLayout::test_querying[local],NOD,,,
https://github.com/grabbles/grabbit,83ff93df36019eaaee9d4e31f816a518e46cae07,grabbit/tests/test_core.py::TestLayout::test_unique_and_count[local],NOD,,,
https://github.com/gradam/lol_api,33ea96f5eeac581737949b733d8af1c4436e94b9,tests/test_daemon.py::TestDaemon::test_different_api_key,NIO,RepoArchived,,
https://github.com/gradam/lol_api,33ea96f5eeac581737949b733d8af1c4436e94b9,tests/test_daemon.py::TestDaemon::test_short,NIO,RepoArchived,,
https://github.com/gwpy/gwosc,06b56ce506fda3af4857c8a1aae7bb60fb1925e9,gwosc/tests/test_datasets.py::test_dataset_type_local,NIO,,,
https://github.com/heavenshell/py-autodoc,001d5ff03d41a5d714075eb08e666c413d50f0ac,examples/test_gen_each_case.py::TestUnittest::test_get,NOD,Unmaintained,,latest commit 2021/09/11
https://github.com/heavenshell/py-autodoc,001d5ff03d41a5d714075eb08e666c413d50f0ac,examples/test_pytest.py::test_post,NOD,Unmaintained,,latest commit 2021/09/11
https://github.com/heavenshell/py-autodoc,001d5ff03d41a5d714075eb08e666c413d50f0ac,examples/test_requests.py::TestUnittest::test_foo_bar,NOD,Unmaintained,,latest commit 2021/09/11
https://github.com/heavenshell/py-autodoc,001d5ff03d41a5d714075eb08e666c413d50f0ac,examples/test_requests.py::TestUnittest::test_get,NOD,Unmaintained,,latest commit 2021/09/11
https://github.com/heavenshell/py-autodoc,001d5ff03d41a5d714075eb08e666c413d50f0ac,examples/test_requests.py::TestUnittest::test_post,NOD,Unmaintained,,latest commit 2021/09/11
https://github.com/heavenshell/py-autodoc,001d5ff03d41a5d714075eb08e666c413d50f0ac,examples/test_unittest.py::TestUnittest::test_foo_bar,NOD,Unmaintained,,latest commit 2021/09/11
https://github.com/heavenshell/py-autodoc,001d5ff03d41a5d714075eb08e666c413d50f0ac,examples/test_unittest.py::TestUnittest::test_get,NOD,Unmaintained,,latest commit 2021/09/11
https://github.com/heavenshell/py-autodoc,001d5ff03d41a5d714075eb08e666c413d50f0ac,examples/test_unittest.py::TestUnittest::test_post,NOD,Unmaintained,,latest commit 2021/09/11
https://github.com/hefnawi/json-storage-manager,c7521fc4a576cf23a8c2454106bed6fb8c951b8d,tests/test_main.py::test_set_item,NIO,Opened,https://github.com/hefnawi/json-storage-manager/pull/2,
https://github.com/huashengdun/webssh,51d527fe75a62aed239126a6697749a30baecb30,tests/test_app.py::TestAppBasic::test_app_auth_with_invalid_pubkey_for_user_robey,NOD,,,
https://github.com/huashengdun/webssh,51d527fe75a62aed239126a6697749a30baecb30,tests/test_app.py::TestAppBasic::test_app_auth_with_pubkey_cannot_be_decoded_by_multipart_form,NOD,,,
https://github.com/huashengdun/webssh,51d527fe75a62aed239126a6697749a30baecb30,tests/test_app.py::TestAppBasic::test_app_auth_with_pubkey_exceeds_key_max_size,NOD,,,
https://github.com/huashengdun/webssh,51d527fe75a62aed239126a6697749a30baecb30,tests/test_app.py::TestAppBasic::test_app_auth_with_valid_pubkey_by_multipart_form,NOD,,,
https://github.com/huashengdun/webssh,51d527fe75a62aed239126a6697749a30baecb30,tests/test_app.py::TestAppBasic::test_app_post_form_with_large_body_size_by_multipart_form,NOD,,,
https://github.com/huashengdun/webssh,51d527fe75a62aed239126a6697749a30baecb30,tests/test_app.py::TestAppBasic::test_app_post_form_with_large_body_size_by_urlencoded_form,NOD,,,
https://github.com/huashengdun/webssh,51d527fe75a62aed239126a6697749a30baecb30,tests/test_app.py::TestAppBasic::test_app_with_correct_credentials,NOD,,,
https://github.com/huashengdun/webssh,51d527fe75a62aed239126a6697749a30baecb30,tests/test_app.py::TestAppBasic::test_app_with_correct_credentials_but_ip_not_matched,NOD,,,
https://github.com/huashengdun/webssh,51d527fe75a62aed239126a6697749a30baecb30,tests/test_app.py::TestAppBasic::test_app_with_correct_credentials_but_wrong_id,NOD,,,
https://github.com/huashengdun/webssh,51d527fe75a62aed239126a6697749a30baecb30,tests/test_app.py::TestAppBasic::test_app_with_correct_credentials_user_bar,NOD,,,
https://github.com/huashengdun/webssh,51d527fe75a62aed239126a6697749a30baecb30,tests/test_app.py::TestAppBasic::test_app_with_invalid_form_for_invalid_value,NOD,,,
https://github.com/huashengdun/webssh,51d527fe75a62aed239126a6697749a30baecb30,tests/test_app.py::TestAppBasic::test_app_with_invalid_form_for_missing_argument,NOD,,,
https://github.com/huashengdun/webssh,51d527fe75a62aed239126a6697749a30baecb30,tests/test_app.py::TestAppBasic::test_app_with_user_pass2fa_with_correct_passwords,NOD,,,
https://github.com/huashengdun/webssh,51d527fe75a62aed239126a6697749a30baecb30,tests/test_app.py::TestAppBasic::test_app_with_user_pkey2fa_with_correct_passwords,NOD,,,
https://github.com/huashengdun/webssh,51d527fe75a62aed239126a6697749a30baecb30,tests/test_app.py::TestAppBasic::test_app_with_user_pkey2fa_with_empty_passcode,NOD,,,
https://github.com/huashengdun/webssh,51d527fe75a62aed239126a6697749a30baecb30,tests/test_app.py::TestAppBasic::test_app_with_user_pkey2fa_with_wrong_passcode,NOD,,,
https://github.com/huashengdun/webssh,51d527fe75a62aed239126a6697749a30baecb30,tests/test_app.py::TestAppBasic::test_app_with_user_pkey2fa_with_wrong_password,NOD,,,
https://github.com/huashengdun/webssh,51d527fe75a62aed239126a6697749a30baecb30,tests/test_app.py::TestAppBasic::test_app_with_wrong_hostname_domain,NOD,,,
https://github.com/huashengdun/webssh,51d527fe75a62aed239126a6697749a30baecb30,tests/test_app.py::TestAppBasic::test_app_with_wrong_hostname_ip,NOD,,,
https://github.com/huashengdun/webssh,51d527fe75a62aed239126a6697749a30baecb30,tests/test_app.py::TestAppBasic::test_app_with_wrong_port,NOD,,,
https://github.com/hypoport/python-aws-dataclasses,30bfe90457a83957d10ec18fe7d61439b5b74280,tests/test_sns_event.py::test_can_handle_missing_fields,NIO,Opened,https://github.com/hypoport/python-aws-dataclasses/pull/13,RepoArchived
https://github.com/irmen/Tale,a2a26443465ab6978b32d9253e833471500e7b68,tests/test_commands.py::TestCommandDecorators::test_cmd_decorator,NIO,RepoArchived,,
https://github.com/irmen/Tale,a2a26443465ab6978b32d9253e833471500e7b68,tests/test_commands.py::TestCommandDecorators::test_no_duplicates,NIO,RepoArchived,,
https://github.com/irmen/Tale,a2a26443465ab6978b32d9253e833471500e7b68,tests/test_pubsub.py::TestPubsub::test_idletime,NOD,RepoArchived,,
https://github.com/isac322/linux_aio,007d033b42703e9bb4d7cd99ca50e54108215d46,test/test_non_vector_rw.py::TestRW::test_02_read_w_non_zero_offset test/test_non_vector_rw.py::TestRW::test_02_read_2_str test/test_non_vector_rw.py::TestRW::test_02_read,,Unmaintained,,pytest --randomly-seed=12;latest commit 2019/01/29
https://github.com/jedie/bootstrap_env,ab68025d8f6b9a17d8feeed83e8aae26e3f28769,bootstrap_env/tests/test_boot.py::BootstrapEnvTestCase::test_setup,NOD,Unmaintained,,latest commit 2019/01/08
https://github.com/jedie/bootstrap_env,ab68025d8f6b9a17d8feeed83e8aae26e3f28769,bootstrap_env/tests/test_test_utils.py::BootstrapEnvTestCase::test_setup,NOD,Unmaintained,,latest commit 2019/01/08
https://github.com/jmsv/l293d,e29d7397b4cde4d2d466f018279c2df7d2e84cd9,tests/test_l293d.py::L293DTestCase::test_create_motor_with_force_selection tests/test_l293d.py::L293DTestCase::test_motor_can_be_removed tests/test_l293d.py::L293DTestCase::test_pin_numbering_lock tests/test_l293d.py::L293DTestCase::test_pins_string_list,,Unmaintained,,pytest --flake-finder --flake-runs=2;latest commit 2021/06/19
https://github.com/jnoortheen/dynamic-conf,42257f06a66765ac4f5de1c6a4637f4db779c5ab,tests/test_conf.py::test_singleton,NIO,Unmaintained,,latest commit 2020/12/03
https://github.com/joblib/joblib,440b1b899d357a9db6526ca87051a77963b33631,joblib/test/test_memory.py::test_argument_change,NIO,Opened,https://github.com/joblib/joblib/pull/1631,
https://github.com/joblib/joblib,440b1b899d357a9db6526ca87051a77963b33631,joblib/test/test_memory.py::test_memory_file_modification,NIO,Opened,https://github.com/joblib/joblib/pull/1631,
https://github.com/joegasewicz/Flask-JWT-Router,0fb1e256c81409be6f08d8be12f07e5f58b4f914,tests/test_routing.py::TestRouting::test_api_named_routes,NOD,Unmaintained,,latest commit 2022/06/22
https://github.com/joegasewicz/Flask-JWT-Router,0fb1e256c81409be6f08d8be12f07e5f58b4f914,tests/test_routing.py::TestRouting::test_before_middleware,NOD,Unmaintained,,latest commit 2022/06/22
https://github.com/joegasewicz/Flask-JWT-Router,0fb1e256c81409be6f08d8be12f07e5f58b4f914,tests/test_routing.py::TestRouting::test_handle_pre_flight_request,NOD,Unmaintained,,latest commit 2022/06/22
https://github.com/joegasewicz/Flask-JWT-Router,0fb1e256c81409be6f08d8be12f07e5f58b4f914,tests/test_routing.py::TestRouting::test_ignored_route_path,NOD,Unmaintained,,latest commit 2022/06/22
https://github.com/joegasewicz/Flask-JWT-Router,0fb1e256c81409be6f08d8be12f07e5f58b4f914,tests/test_routing.py::TestRouting::test_jwt_route[jwt_router_client1-None-401],NOD,Unmaintained,,latest commit 2022/06/22
https://github.com/joegasewicz/Flask-JWT-Router,0fb1e256c81409be6f08d8be12f07e5f58b4f914,tests/test_routing.py::TestRouting::test_jwt_route[jwt_router_client2-None-401],NOD,Unmaintained,,latest commit 2022/06/22
https://github.com/joegasewicz/Flask-JWT-Router,0fb1e256c81409be6f08d8be12f07e5f58b4f914,tests/test_routing.py::TestRouting::test_static_client,NOD,Unmaintained,,latest commit 2022/06/22
https://github.com/joegasewicz/Flask-JWT-Router,0fb1e256c81409be6f08d8be12f07e5f58b4f914,tests/test_routing.py::TestRouting::test_static_routes,NOD,Unmaintained,,latest commit 2022/06/22
https://github.com/joegasewicz/Flask-JWT-Router,0fb1e256c81409be6f08d8be12f07e5f58b4f914,tests/test_routing.py::TestRouting::test_sub_paths,NOD,Unmaintained,,latest commit 2022/06/22
https://github.com/JonathanVusich/litedb,c750b9045c353b7f57dddb028410ec67f8b23a46,tests/test_database/test_memory_database_hypothesis.py::TestMemoryDatabase::test_database_zelete tests/test_database/test_memory_database_hypothesis.py::TestMemoryDatabase::test_database_retrieve,,Unmaintained,,pytest --randomly-seed=123;latest commit 2020/10/24
https://github.com/josiest/geom,d12b381706ee620cba1c6a6cb45ab7815e5a1dc9,test_geom.py::test_epsilon,NIO,Rejected,https://github.com/josiest/geom/pull/1,
https://github.com/jounderwood/django-hug,778b16f568ce9fdb01f360b7bff89c9d8b6c2ef7,tests/test_settings.py::test_camelcased_response_data_ok,NIO,Opened,https://github.com/jounderwood/django-hug/pull/2,
https://github.com/jounderwood/django-hug,778b16f568ce9fdb01f360b7bff89c9d8b6c2ef7,tests/test_settings.py::test_register_request_formatters_ok,NIO,Opened,https://github.com/jounderwood/django-hug/pull/2,
https://github.com/jounderwood/django-hug,778b16f568ce9fdb01f360b7bff89c9d8b6c2ef7,tests/test_settings.py::test_register_response_formatters_ok,NIO,Opened,https://github.com/jounderwood/django-hug/pull/2,
https://github.com/jounderwood/django-hug,778b16f568ce9fdb01f360b7bff89c9d8b6c2ef7,tests/test_settings.py::test_response_additional_headers_ok,NIO,Opened,https://github.com/jounderwood/django-hug/pull/2,
https://github.com/june3474/skelpy,0e64eccdc5211dbec664e7d3f9d07c6020651b63,tests/test_helpers.py::test_remove_comment_line_in_file,NIO,Opened,https://github.com/june3474/skelpy/pull/4,
https://github.com/june3474/skelpy,0e64eccdc5211dbec664e7d3f9d07c6020651b63,tests/test_package.py::test_create_package_dir,NIO,Accepted,https://github.com/june3474/skelpy/pull/2,
https://github.com/june3474/skelpy,0e64eccdc5211dbec664e7d3f9d07c6020651b63,tests/test_package.py::test_write_init,NIO,Accepted,https://github.com/june3474/skelpy/pull/3,
https://github.com/june3474/skelpy,0e64eccdc5211dbec664e7d3f9d07c6020651b63,tests/test_test.py::test_create_config_files,NIO,Unmaintained,,latest commit 2021/09/04
https://github.com/juntossomosmais/regex4ocr,9f96e9c6fe6ffc3e1452b23103fdfa6a0f1dcede,tests/integration/test_type_casting.py::test_validate_types_no_removal,NIO,Accepted,https://github.com/juntossomosmais/regex4ocr/pull/1,RepoArchived
https://github.com/kellylab/Fireworks,ff027cd8d1b8ce5eec6a37d786e7de675d8c0849,fireworks/core/message_test.py::test_Message_set_get,NIO,Opened,https://github.com/kellylab/Fireworks/pull/80,
https://github.com/kenkundert/engfmt,b908ef69aa7941e561019e24f969703f3234753b,test_quantity.py::test_number_recognition,NIO,Accepted,https://github.com/KenKundert/engfmt/pull/2,
https://github.com/kenkundert/engfmt,b908ef69aa7941e561019e24f969703f3234753b,test_text_processing.py::test_text_processing,NIO,Accepted,https://github.com/KenKundert/engfmt/pull/3,
https://github.com/keotl/jivago,685ec933f3b840b6d9dc6db35728ac0b7fcba229,test/inject/test_provider_binder.py::ProviderBinderTest::test_givenProviderFunctionWithReturnType_whenInitializingServiceLocator_thenFunctionIsBoundByReturnType,,,,pytest --randomly-seed=1234
https://github.com/kevinarpe/kevinarpe-rambutan3,5d7469912b559338dc15f5c7fb2abc91103ea0c5,tests/check_args/base/test_RNotNoneTypeMatcher.py::test_eq_ne_hash,NOD,Unmaintained,,latest commit 2015/11/29
https://github.com/klieret/RandomFileTree,aaaa975ae61afa6f0f5b481ebafcfa0f0216e471,randomfiletree/test/test_core.py::TestTreeCreation::test_create_random_dirs,NOD,,,
https://github.com/ktnrg45/pyps4-2ndscreen,457dc9c3f04017569d52bae7390ea2fc54e96ce5,tests/test_media_art.py::test_result_item_missing_data,NIO,Opened,https://github.com/ktnrg45/pyps4-2ndscreen/pull/56,
https://github.com/LeBarbouze/tunacell,837d57e1e6caeddf2e6bcdd2db2986fb456dd605,tunacell/tests/test_filters.py::test_unroll,NIO,Unmaintained,,latest commit 2019/08/10
https://github.com/ljvmiranda921/pyswarms,08756526f39699eef28e515cac2ead17cef55710,tests/optimizers/test_local_best.py::TestLocalBestOptimizer::test_obj_with_kwargs,NOD,,,
https://github.com/mahmoud/lithoxyl,9961553a065a1ad8bb7a2407fe74f2cfd6c79a20,lithoxyl/tests/test_stats.py::test_momentacc_norm,NIO,Unmaintained,,latest commit 2021/10/25
https://github.com/mahmoud/lithoxyl,9961553a065a1ad8bb7a2407fe74f2cfd6c79a20,lithoxyl/tests/test_stats.py::test_momentacc_norm,NOD,Unmaintained,,latest commit 2021/10/25
https://github.com/malpunek/dame,d6568d3088dd0a8b87eb5d278e04ab857a622418,tests/test_versionable.py::test_basic,NOD,Unmaintained,,latest commit 2020/03/06
https://github.com/malpunek/dame,d6568d3088dd0a8b87eb5d278e04ab857a622418,tests/test_versionable.py::test_params,NOD,Unmaintained,,latest commit 2020/03/06
https://github.com/matheuswhite/bluebees,ca18ee6dae60393480bac3893038790957727748,tests/test_application_data.py::test_cleanup,NOD,Unmaintained,,latest commit 2019/11/03
https://github.com/matheuswhite/bluebees,ca18ee6dae60393480bac3893038790957727748,tests/test_file_helper.py::test_cleanup,NOD,Unmaintained,,latest commit 2019/11/03
https://github.com/matheuswhite/bluebees,ca18ee6dae60393480bac3893038790957727748,tests/test_network_data.py::test_cleanup,NOD,Unmaintained,,latest commit 2019/11/03
https://github.com/matheuswhite/bluebees,ca18ee6dae60393480bac3893038790957727748,tests/test_node_data.py::test_cleanup,NOD,Unmaintained,,latest commit 2019/11/03
https://github.com/metachris/logzero,bc19173105561650bfdd0ae22d1bb0d9dcb1be99,tests/test_json.py::test_json,,RepoArchived,,pytest --randomly-seed=12 or pytest --flake-finder --flake-runs=2
https://github.com/metachris/logzero,b5d49fc2b118c370994c4ae5360d7c246d43ddc8,tests/test_logzero.py::test_write_to_logfile_and_stderr,NIO,RepoArchived,,
https://github.com/michaelpb/stowage,7c619be755b9b73fd202367bcf9014472f318834,test/test_stowage.py::TestPathGenerators::test_partially_needed_symlink_walk,NIO,Opened,https://github.com/michaelpb/stowage/pull/1,
https://github.com/MiCHiLU/fanstatic-tools,c075a2195c8138d103b72ef8445ef08f2a865984,fanstatic/test_core.py::test_register_inclusion_renderer,NIO,Opened,https://github.com/michilu/fanstatic-tools/pull/1,
https://github.com/microsoft/knack,d407b81d451d36c6ca1baeb3cd067a3f1275cb85,tests/test_cli_scenarios.py::TestCLIScenarios::test_case_insensitive_command_path tests/test_command_with_configured_defaults.py::TestCommandWithConfiguredDefaults::test_no_configured_default_on_required_arg tests/test_deprecation.py::TestArgumentDeprecation::test_deprecate_arguments_execute_expired tests/test_deprecation.py::TestArgumentDeprecation::test_deprecate_options_execute_expired tests/test_help.py::TestHelp::test_help_extra_params tests/test_help.py::TestHelp::test_help_missing_params,,,,pytest --flake-finder --flake-runs=2
https://github.com/miLibris/flask-rest-jsonapi,b44bc08b11213d49fadae873650d3555889052ec,tests/test_sqlalchemy_data_layer.py::test_api,NIO,Opened,https://github.com/miLibris/flask-rest-jsonapi/pull/207,
https://github.com/miLibris/flask-rest-jsonapi,b44bc08b11213d49fadae873650d3555889052ec,tests/test_sqlalchemy_data_layer.py::test_api_resources,NIO,Opened,https://github.com/miLibris/flask-rest-jsonapi/pull/207,
https://github.com/mojochao/configaro,d7b432fb2f99c4cb3c3208082f0afff62454c83d,tests/test_configaro.py::test_get,NOD,Unmaintained,,latest commit 2019/02/12
https://github.com/mortele/OccamTools,26c47709f6b870c89403f03ade0950de9f301639,test/test_occam_data.py::test_occam_data_not_save_to_npy,NOD,Unmaintained,,latest commit 2020/11/12
https://github.com/mortele/OccamTools,fcaaac4fb7257605d5675c1a66f6a020373258a8,test/test_occam_data.py::test_occam_data_not_save_to_npy,,Unmaintained,,pytest --randomly-seed=123;latest commit 2020/11/12
https://github.com/mozilla/PyPOM,9cb84df9d27b428b4e7423d1bbe6502e92990154,tests/test_driver.py::test_register_driver,NIO,RepoArchived,,
https://github.com/mrmechko/neon,42ad78e3d79583a93abce6d06b81dafc29017514,tests/basic_tests.py::test_dont_memoize,,Unmaintained,,pytest --randomly-seed=123;latest commit 2019/04/05
https://github.com/mtik00/yamicache,1109d08b18be94bdee55e113309f7be29f25d840,tests/test_collide.py::test_avoid_collision,NIO,,,
https://github.com/mtik00/yamicache,1109d08b18be94bdee55e113309f7be29f25d840,tests/test_gc.py::test_deco_timeout,NOD,,,
https://github.com/mtik00/yamicache,1109d08b18be94bdee55e113309f7be29f25d840,tests/test_noclass.py::test_main,NIO,Accepted,https://github.com/mtik00/yamicache/pull/10,
https://github.com/mtik00/yamicache,1109d08b18be94bdee55e113309f7be29f25d840,tests/test_serialization.py::test_serialization,NIO,Accepted,https://github.com/mtik00/yamicache/pull/14,
https://github.com/napalm-automation/napalm,78a20a841f71fca8d9e7da04c4d21e58d365ca45,test_unit.py::test__compare_getter_list,NIO,Open,https://github.com/napalm-automation/napalm/pull/1515,
https://github.com/neulab/compare-mt,92502b30b1f228773179a01dd86fe1b8dfd400e5,tests/test_cache.py::TestScoreCache::test_score_cache_bootstrap,NOD,Unmaintained,,latest commit 2022/03/22
https://github.com/nficano/pytube,b610f399722e001e99ee88d3673c148d903c5948,tests/test_streams.py::test_on_progress_hook,NIO,,,
https://github.com/nithinmurali/pygsheets,b34fb501f9c5d85b31a66a6ee9cd8789c79fc7a6,tests/online_test.py::TestCell::test_link,NIO,Accepted,https://github.com/nithinmurali/pygsheets/pull/516,
https://github.com/nithinmurali/pygsheets,48158e3a2c20d8b84a28b117ae1024bd4dedee08,tests/online_test.py::TestCell::test_wrap_strategy,NIO,Accepted,https://github.com/nithinmurali/pygsheets/pull/517,
https://github.com/omersaraf/IOCynergy,1821423680f741d8ca06bcc6a02c8b21156f9ba0,cynergy/tests/test_life_cycle.py::test_multi,NIO,Opened,https://github.com/omersaraf/IOCynergy/pull/3,
https://github.com/OpenDataServices/lib-cove,b86ac38c63e94a1262554a13e4c8ac9d95fa8a20,tests/lib/test_converters.py::test_convert_activity_xml_1 tests/lib/test_converters.py::test_convert_org_xml_1,,,,pytest --randomly-seed=1232
https://github.com/Osirium/vcdriver,2f311df9a73c82b5837d01bac16a10eb4db955eb,test/unit/test_config.py::test_read,NIO,Opened,https://github.com/Osirium/vcdriver/pull/23,
https://github.com/oskar456/dzonegit,8f952086aa41aee4ebb7432926ed8c6a9211ac9f,test_dzonegit.py::test_get_head,NIO,Accepted,https://github.com/oskar456/dzonegit/pull/19,
https://github.com/ozzywalsh/metcli,e84c9f2a055e62a5d5c8c37cd04e43d7f2f677cf,metcli/test_metcli.py::test_met_request_should_handle_connection_problem metcli/test_metcli.py::test_met_request_should_return_dict,,Unmaintained,,pytest --randomly-seed=123;latest commit 2021/03/23
https://github.com/Parsely/serpextract,e156430b32eb833686820f490dbcdd989f27baa2,test_serps.py::TestSERPs::test_mojeek,NOD,Opened,https://github.com/Parsely/serpextract/pull/26,
https://github.com/pedrovanzella/do-the-webp,09b372de1c4f1d73d9284517c57c0d869f55144b,tests/test_compressor.py::test_compress_dir,NIO,RepoArchived,,
https://github.com/politeauthority/docker-pretty-ps,2fcc9db4e391df2b96ccc2e967b41b6263fdcc2d,tests/test_dockerprettyps.py::TestDockerPrettyPs::test_give_json,NIO,Opened,https://github.com/politeauthority/docker-pretty-ps/pull/35,
https://github.com/PolyJIT/benchbuild,2ab959e84fc9119813c46de1034ffaefc2ee391b,tests/integration/test_cli_slurm.py::test_slurm_command,NIO,Accepted,https://github.com/PolyJIT/benchbuild/pull/425,
https://github.com/Poogles/limitediterables,3ce3bc28d5c4092db3d5499ad60339c007f4c0e0,tests/test_iterables.py::test_rate_limit_negative tests/test_iterables.py::test_rate_limit,,Unmaintained,,pytest --randomly-seed=1234;latest commit 2018/02/01
https://github.com/povieira/noipy,a95f94f98e9550045d741b15501e7360c2623543,test/test_noipy.py::SanityTest::test_get_ip,,Opened,https://github.com/pv8/noipy/pull/203,pytest --flake-finder --flake-runs=2
https://github.com/prancer-io/cloud-validation-framework,94522590d9881a5125d81da701a65f7f63383c0d,tests/processor/connector/test_snapshot_azure.py::test_get_node_happy,NOD,,,
https://github.com/prancer-io/cloud-validation-framework,94522590d9881a5125d81da701a65f7f63383c0d,tests/processor/connector/test_snapshot_azure.py::test_get_version_for_type,NOD,,,
https://github.com/prancer-io/cloud-validation-framework,94522590d9881a5125d81da701a65f7f63383c0d,tests/processor/helper/config/test_config_utils.py::test_framework_config,NOD,,,
https://github.com/prancer-io/cloud-validation-framework,94522590d9881a5125d81da701a65f7f63383c0d,tests/processor/helper/config/test_config_utils.py::test_framework_dir,NOD,,,
https://github.com/prancer-io/cloud-validation-framework,94522590d9881a5125d81da701a65f7f63383c0d,tests/processor/helper/config/test_config_utils.py::test_get_config_data,NOD,,,
https://github.com/prancer-io/cloud-validation-framework,94522590d9881a5125d81da701a65f7f63383c0d,tests/processor/helper/config/test_config_utils.py::test_get_solution_dir,NOD,,,
https://github.com/prancer-io/cloud-validation-framework,94522590d9881a5125d81da701a65f7f63383c0d,tests/processor/helper/config/test_config_utils.py::test_get_test_json_dir,NOD,,,
https://github.com/prancer-io/cloud-validation-framework,94522590d9881a5125d81da701a65f7f63383c0d,tests/processor/helper/config/test_rundata_utils.py::test_init_config,NOD,,,
https://github.com/prancer-io/cloud-validation-framework,94522590d9881a5125d81da701a65f7f63383c0d,tests/processor/helper/httpapi/test_restapi_azure.py::test_web_client_data,NOD,,,
https://github.com/prancer-io/cloud-validation-framework,94522590d9881a5125d81da701a65f7f63383c0d,tests/processor/template_processor/base/test_base_template_processor.py::test_populate_template_snapshot_false,NOD,,,
https://github.com/Prodesire/pydu,4a1c2f15f7274d5079fb08b02ab1dbe08c0cefef,tests/test_network.py::test_get_free_port,NOD,Unmaintained,,latest commit 2021/12/27
https://github.com/Prodesire/pydu,4a1c2f15f7274d5079fb08b02ab1dbe08c0cefef,tests/test_request.py::test_check_connect,NIO,Opened,https://github.com/Prodesire/pydu/pull/19,
https://github.com/Prodesire/pydu,4a1c2f15f7274d5079fb08b02ab1dbe08c0cefef,tests/test_system.py::TestWhich::test_cmd_path,NIO,Opened,https://github.com/Prodesire/pydu/pull/22,
https://github.com/prymitive/upaas-common,7a7d9ffb385151092c637c3ef500a79623c005ae,tests/test_storage_local.py::test_dir_exists,NIO,RepoArchived,,
https://github.com/pustotnik/zenmake,6cff05114cea34fc204d9e95422f11dc25cd1228,tests/test_waf_assist.py::testUsedWafTaskKeys,NIO,Accepted,https://github.com/pustotnik/zenmake/pull/29,
https://github.com/pyglet/pyglet,9c2b638f7474045d7db6578924e4f96324ea7158,tests/unit/test_clock_fps.py::test_compute_fps,NIO,InspiredAFix,https://github.com/pyglet/pyglet/pull/514,
https://github.com/pyglet/pyglet,9c2b638f7474045d7db6578924e4f96324ea7158,tests/unit/test_clock_fps.py::test_first_tick_is_delta_zero,NIO,InspiredAFix,https://github.com/pyglet/pyglet/pull/514,
https://github.com/pyglet/pyglet,9c2b638f7474045d7db6578924e4f96324ea7158,tests/unit/test_clock_fps.py::test_start_at_zero_fps,NIO,InspiredAFix,https://github.com/pyglet/pyglet/pull/514,
https://github.com/pythological/kanren,bacc7eb5895c348e348c1b5291ddf188f88c5c88,tests/test_assoccomm.py::test_eq_assoccomm,NOD,,,
https://github.com/python-dugong/python-dugong,00dd4d5aab6eddb116cace2829a9f93bda153664,test/test_aio.py::test_aio_future,NIO,Accepted,https://github.com/python-dugong/python-dugong/pull/9,RepoArchived
https://github.com/qiyangduan/schemaindex,83bfb96c78d194370b068e11f89a9e4d6af48a46,test/test_plugin_mysql_hdfs.py::test_plugin_hdfs_add,NIO,Opened,https://github.com/qiyangduan/schemaindex/pull/1,
https://github.com/qiyangduan/schemaindex,83bfb96c78d194370b068e11f89a9e4d6af48a46,test/test_plugin_mysql_hdfs.py::test_plugin_hdfs_add,NOD,Unmaintained,,latest commit 2018/02/11
https://github.com/qiyangduan/schemaindex,83bfb96c78d194370b068e11f89a9e4d6af48a46,test/test_plugin_mysql_hdfs.py::test_plugin_loading,NIO,Opened,https://github.com/qiyangduan/schemaindex/pull/2,
https://github.com/qiyangduan/schemaindex,83bfb96c78d194370b068e11f89a9e4d6af48a46,test/test_plugin_mysql_hdfs.py::test_plugin_mysql_add,NIO,Opened,https://github.com/qiyangduan/schemaindex/pull/1,
https://github.com/Qordobacode/fitbert,4b0f2f3f47e5a3fea0ee59d65f71c44b830a93d9,fitbert/tests.py::test_delemmatizes_lemmas,NIO,Opened,https://github.com/Qordobacode/fitbert/pull/23,RepoArchived
https://github.com/Qordobacode/fitbert,4b0f2f3f47e5a3fea0ee59d65f71c44b830a93d9,fitbert/tests.py::test_delemmatizes_non_lemmas,NIO,Opened,https://github.com/Qordobacode/fitbert/pull/23,RepoArchived
https://github.com/QsonLabs/qlmetrics,3a4cc70bb68ef9b476aaee562b82a4d54acfd826,tests/test_bench.py::TestBenchmarkMemory::test_bench_as_decorator_trackmem_does_print_timing_info_to_stdout_in_non_default,NOD,Unmaintained,,latest commit 2019/10/13
https://github.com/raamana/pyradigm,01d47cf34a9af4bb104e2891559059a522221b4d,pyradigm/tests/test_BaseDataset_common_behaviours.py::test_sanity_checks,NIO,Accepted,https://github.com/raamana/pyradigm/pull/48,
https://github.com/Rickecr/PyGraph,e81c3a0f543f5bfcda1a603c6dcecde13d582c57,__tests__/test_simple_graph.py::TestSimpleGraph::test_add_vertex,NIO,Opened,https://github.com/richecr/PyGraph/pull/94,
https://github.com/Rickecr/PyGraph,e81c3a0f543f5bfcda1a603c6dcecde13d582c57,__tests__/test_simple_graph.py::TestSimpleGraph::test_num_vertex,NIO,Opened,https://github.com/richecr/PyGraph/pull/94,
https://github.com/Rickecr/PyGraph,e81c3a0f543f5bfcda1a603c6dcecde13d582c57,__tests__/test_simple_graph.py::TestSimpleGraph::test_vertex_neighbors,NIO,Unmaintained,,latest commit 2022/09/06
https://github.com/rorymurdock/basic_auth,622f2133c13988cec549f4ea55bed14e50f90876,tests/test_basic.py::test_read_config,NOD,Unmaintained,,12/4/2019
https://github.com/saabeilin/kafkian,79eb88b874876632590fea48afcab09592c717dd,tests/unit/test_consumer_errors.py::test_consumer_generator_raises_and_closed_on_error,NIO,,,
https://github.com/Samreay/ChainConsumer,5606696525d91f11d8093085934fa352b98ce97c,tests/test_analysis.py::test_summary_power,NOD,Accepted,https://github.com/Samreay/ChainConsumer/pull/86,
https://github.com/samuelduchesne/pyTrnsysType,6cf552e4ccd66f7b728e84654e580befe2061114,tests/test_xml.py::TestTrnsysModel::test_connect_eqcollection_to_type,NIO,Deleted,,
https://github.com/samuelduchesne/pyTrnsysType,6cf552e4ccd66f7b728e84654e580befe2061114,tests/test_xml.py::TestTrnsysModel::test_copy_trnsys_model,NIO,Deleted,,
https://github.com/samuelduchesne/pyTrnsysType,6cf552e4ccd66f7b728e84654e580befe2061114,tests/test_xml.py::TestTrnsysModel::test_cycles_2,NIO,Deleted,,
https://github.com/sanjaz/lazypr,226895868769f613d9e905f265a4fd7c421d2fd4,tests/test_config.py::TestConfig::test_get_default_config_file_path,,Unmaintained,,pytest --randomly-seed=123;latest commit 2019/09/09
https://github.com/santoshphilip/eppy,98e58583dce6c0fcec9c7b1ff1142bae0a67ddc7,eppy/tests/EPlusInterfaceFunctions_tests/test_iddgroups.py::test_group2commlst,NIO,Opened,https://github.com/santoshphilip/eppy/pull/358,
https://github.com/santoshphilip/eppy,98e58583dce6c0fcec9c7b1ff1142bae0a67ddc7,eppy/tests/test_examples.py::test_addobject,NIO,Opened,https://github.com/santoshphilip/eppy/pull/355,
https://github.com/santoshphilip/eppy,98e58583dce6c0fcec9c7b1ff1142bae0a67ddc7,eppy/tests/test_examples.py::test_pythonic,NIO,Opened,https://github.com/santoshphilip/eppy/pull/356,
https://github.com/santoshphilip/eppy,98e58583dce6c0fcec9c7b1ff1142bae0a67ddc7,eppy/tests/test_idfreader.py::test_convertallfields,NIO,,,
https://github.com/scrapinghub/spidermon,d58090de7c0fcb656fc4daa19b6119df95df57d6,test_validators_schematics.py::test_choices,NOD,Opened,https://github.com/scrapinghub/spidermon/pull/322,
https://github.com/sdrobert/pydrobert-gpyopt,ce2699ca89687f848c2a86db44eed125d65886de,test_gpyopt.py::test_strings_are_provided,NOD,Unmaintained,,latest commit 2019/08/06
https://github.com/seanbreckenridge/keepassxc-pwned,aead83c1749b62006a28526905d8fee5cd2ae902,tests/test_user_input.py::test_user_input_password_not_found,NIO,Accepted,https://github.com/seanbreckenridge/keepassxc-pwned/pull/18,RepoArchived
https://github.com/seanpar203/event-bus,5353d6472926a299ab4f3a8c33114a725d5b7639,tests/test_event_emit.py::test_event_emit,NIO,Opened,https://github.com/seanpar203/event-bus/pull/12,
https://github.com/seanpar203/event-bus,5353d6472926a299ab4f3a8c33114a725d5b7639,tests/test_subscribed_removal.py::test_suscribed_event_was_removed,NIO,Opened,https://github.com/seanpar203/event-bus/pull/13,
https://github.com/SekouD/mlconjug,840e990bd96b56785a68712e9729582ede168ec2,tests/test_mlconjug.py::TestConjugator::test_conjugate tests/test_mlconjug.py::TestModel::test_predict,,Unmaintained,,pytest --randomly-seed=1234;latest commit 2019/04/29
https://github.com/SergeyShk/ruTS,af02f627d9022f0f4825d9bed4ffc97d3d329f2d,tests/test_utils.py::test_extract_archive,NOD,,,
https://github.com/sjoerdk/anonapi,5e70dfd9fcb7dcc4e2345a6a153d9530f4886e73,tests/test_cli_create.py::test_job_parameter_set,NIO,Opened,https://github.com/sjoerdk/anonapi/pull/545,
https://github.com/sloria/TextBlob,6396e24e85af7462cbed648fee21db5082a1f3fb,tests/test_formats.py::TestRegistry::test_register,NIO,Opened,https://github.com/sloria/TextBlob/pull/404,
https://github.com/solegalli/feature_engine,ba4d7050b3923d620c1773b66cd4c51ed24498dd,tests/test_missing_data_imputer.py::test_CategoricalVariableImputer,NIO,DeveloperFixed,,
https://github.com/solegalli/feature_engine,ba4d7050b3923d620c1773b66cd4c51ed24498dd,tests/test_missing_data_imputer.py::test_RandomSampleImputer,NIO,DeveloperFixed,,
https://github.com/spulec/freezegun,8994558274161b527ab83a3b13ea5969e9ebd144,tests/test_class_import.py::test_import_after_start,NOD,,,pytest or pytest --flake-finder --flake-runs=2 for mutiple times
https://github.com/spulec/freezegun,b46da782a7a051081fd51577749cfc0074db0cc6,tests/test_class_import.py::test_import_after_start,NIO,Accepted,https://github.com/spulec/freezegun/pull/407,
https://github.com/starofrainnight/licenraptor,ed543a2b43b75d733579509a78161928ac29234c,tests/test_db.py::TestRegisterFind::test_exisitng[MIT],NOD,Unmaintained,,latest commit 2020/05/01
https://github.com/starofrainnight/licenraptor,ed543a2b43b75d733579509a78161928ac29234c,tests/test_db.py::TestRegisterFind::test_nonexisting,NOD,Unmaintained,,latest commit 2020/05/01
https://github.com/starofrainnight/licenraptor,ed543a2b43b75d733579509a78161928ac29234c,tests/test_db.py::TestRegisterFind::test_register_no_id,NOD,Unmaintained,,latest commit 2020/05/01
https://github.com/stateya/m3u-dump,1ec3eeedb4c650af76c6c66859375ca2d2a6e1bc,tests/test_m3u_dump.py::test_command_line_already_playlist,NIO,Opened,https://github.com/stateya/m3u-dump/pull/2,
https://github.com/stfc/fparser,4be91d2e1078fa5588e84a3299131f297afba675,src/fparser/one/tests/test_block_stmts.py::test_implicit_topyf,NOD,,,
https://github.com/stfc/fparser,4be91d2e1078fa5588e84a3299131f297afba675,src/fparser/one/tests/test_parsefortran.py::test_log_cache,NIO,Accepted,https://github.com/stfc/fparser/pull/299,
https://github.com/stfc/fparser,4be91d2e1078fa5588e84a3299131f297afba675,src/fparser/one/tests/test_parsefortran.py::test_log_empty,NIO,Accepted,https://github.com/stfc/fparser/pull/300,
https://github.com/stfc/fparser,4be91d2e1078fa5588e84a3299131f297afba675,src/fparser/one/tests/test_parsefortran.py::test_log_failure,NIO,Accepted,https://github.com/stfc/fparser/pull/300,
https://github.com/strizhechenko/netutils-linux,9561efe49edd0ab3db9496738167b6813e23489b,netutils_linux_tuning/test_rx_buffers.py::RxBuffersTuneTest::test_all,,,,pytest --randomly-seed=123
https://github.com/summa-tx/riemann,0fda32e783487572c869aaabc6af7adba01cbd00,riemann/tests/encoding/test_addresses.py::TestAddresses::test_make_p2pkh_address,NOD,Unmaintained,,latest commit 2020/08/14
https://github.com/summa-tx/riemann,0fda32e783487572c869aaabc6af7adba01cbd00,riemann/tests/encoding/test_addresses.py::TestAddresses::test_make_p2wsh_address,NOD,Unmaintained,,latest commit 2020/08/14
https://github.com/summa-tx/riemann,0fda32e783487572c869aaabc6af7adba01cbd00,riemann/tests/test_simple.py::TestSimple::test_output,NOD,Unmaintained,,latest commit 2020/08/14
https://github.com/summa-tx/riemann,0fda32e783487572c869aaabc6af7adba01cbd00,riemann/tests/test_simple.py::TestSimple::test_unsigned_legacy_tx,NOD,Unmaintained,,latest commit 2020/08/14
https://github.com/summa-tx/riemann,0fda32e783487572c869aaabc6af7adba01cbd00,riemann/tests/tx/test_tx_builder.py::TestTxBuilder::test_make_p2wpkh_output_script,NOD,Unmaintained,,latest commit 2020/08/14
https://github.com/SurrealAI/symphony,747b87eee20d48032b4a554950687d0b1209fd24,test/test_config.py::TestConfig::test_register,NIO,RepoArchived,,
https://github.com/SuryaSankar/flask-sqlalchemy-booster,e43980e29a18e725d791b87ce1b677470bbaf22c,tests/test_view_boosters/test_todo_list_api/test_api_endpoints.py::test_multi_users_creation,NIO,Opened,https://github.com/SuryaSankar/flask-sqlalchemy-booster/pull/18,
https://github.com/SuryaSankar/flask-sqlalchemy-booster,e43980e29a18e725d791b87ce1b677470bbaf22c,tests/test_view_boosters/test_todo_list_api/test_api_endpoints.py::test_user_creation,NIO,Opened,https://github.com/SuryaSankar/flask-sqlalchemy-booster/pull/18,
https://github.com/SuryaSankar/flask-sqlalchemy-booster,e43980e29a18e725d791b87ce1b677470bbaf22c,tests/test_view_boosters/test_todo_list_api/test_relationship_updates.py::test_list_relationship_new_item,NIO,Opened,https://github.com/SuryaSankar/flask-sqlalchemy-booster/pull/18,
https://github.com/sushobhit27/multiindex,b631e60bd47558eca9067a0dc87f0e713cddc6f2,multiindex/tests/test_multiindex.py multiindex/tests/test_multiindex_hashed_non_unique.py,,Unmaintained,,pytest --flake-finder --flake-runs=2;latest commit 2018/08/29
https://github.com/sushobhit27/multiindex,b631e60bd47558eca9067a0dc87f0e713cddc6f2,multiindex/tests/test_multiindex.py::test_insert_overwrite,NIO,Opened,https://github.com/sushobhit27/multiindex/pull/1,
https://github.com/sushobhit27/multiindex,b631e60bd47558eca9067a0dc87f0e713cddc6f2,multiindex/tests/test_multiindex.py::test_modify,NIO,Opened,https://github.com/sushobhit27/multiindex/pull/2,
https://github.com/sushobhit27/multiindex,b631e60bd47558eca9067a0dc87f0e713cddc6f2,multiindex/tests/test_multiindex_hashed_non_unique.py::test_modify,NIO,Opened,https://github.com/sushobhit27/multiindex/pull/3,
https://github.com/sushobhit27/multiindex,b631e60bd47558eca9067a0dc87f0e713cddc6f2,multiindex/tests/test_multiindex_hashed_non_unique.py::test_remove,NIO,Opened,https://github.com/sushobhit27/multiindex/pull/3,
https://github.com/sylhare/gitlab_stats,157de3b703031ef0de39e187314133624f1ac1bb,tests/test_utils.py::UtilsTest::test_056_enhance_project_info,NIO,Unmaintained,,latest commit 2021/04/23
https://github.com/teamhide/pythondi,913e6a60fc5d02c3db385ad322f970ecec36969b,tests/test_configure.py::test_configure,NIO,Accepted,https://github.com/teamhide/pythondi/pull/23,
https://github.com/Teamworksapp/pydbvolve,e18bb8cf98997c52de0cf30a8e106c480ba0bb57,tests/unittests/test_00_initialization.py::test_11_log_file,NIO,Opened,https://github.com/Teamworksapp/pydbvolve/pull/14,
https://github.com/thrau/pymq,101857bca2b705c328d3bda3b26797b51e8ffb70,tests/test_provider_redis.py::RedisRpcTest::test_channel_expire,NOD,Unmaintained,,latest commit 2022/07/17
https://github.com/thrau/pymq,101857bca2b705c328d3bda3b26797b51e8ffb70,tests/test_provider_simple.py::SimplePubSubTest::test_event_serialization,NOD,Unmaintained,,latest commit 2022/07/17
https://github.com/thrau/pymq,101857bca2b705c328d3bda3b26797b51e8ffb70,tests/test_provider_simple.py::SimplePubSubTest::test_topic,NOD,Unmaintained,,latest commit 2022/07/17
https://github.com/thrau/pymq,101857bca2b705c328d3bda3b26797b51e8ffb70,tests/test_provider_simple.py::SimpleRpcTest::test_stateful_rpc,NOD,Unmaintained,,latest commit 2022/07/17
https://github.com/thundra-io/thundra-lambda-agent-python,fcd1c2b0b309721d89bd35511bd6645ebd62a5bc,tests/plugins/log/test_log_plugin.py::test_log_plugin_with_initialization,NIO,Accepted,https://github.com/thundra-io/thundra-agent-python/pull/169,RepoArchived
https://github.com/thundra-io/thundra-lambda-agent-python,fcd1c2b0b309721d89bd35511bd6645ebd62a5bc,tests/plugins/trace/test_traceable.py::test_trace_args,NIO,DeveloperFixed,5e19c017753a32cd0079dc7862177f1038761317,RepoArchived
https://github.com/thundra-io/thundra-lambda-agent-python,fcd1c2b0b309721d89bd35511bd6645ebd62a5bc,tests/plugins/trace/test_traceable.py::test_trace_error,NIO,DeveloperFixed,5e19c017753a32cd0079dc7862177f1038761318,RepoArchived
https://github.com/thundra-io/thundra-lambda-agent-python,fcd1c2b0b309721d89bd35511bd6645ebd62a5bc,tests/plugins/trace/test_traceable.py::test_trace_return_values,NIO,DeveloperFixed,5e19c017753a32cd0079dc7862177f1038761319,RepoArchived
https://github.com/thundra-io/thundra-lambda-agent-python,fcd1c2b0b309721d89bd35511bd6645ebd62a5bc,tests/plugins/trace/test_traceable.py::test_trace_with_default_configs,NIO,DeveloperFixed,5e19c017753a32cd0079dc7862177f1038761320,RepoArchived
https://github.com/tim-fi/pyecs,5cc3645e3ee0bc0af02aea438092f00910976ec6,test/test_core.py::test_automatic_cleanup,NIO,Deleted,,
https://github.com/tim-fi/pyecs,5cc3645e3ee0bc0af02aea438092f00910976ec6,test/test_core.py::test_controller,NIO,Deleted,,
https://github.com/tim-fiola/network_traffic_modeler_py3,d2bd7287ea86fb22ec41c2522164d5761fc225dd,test/test_rsvp_3rd_lsp_two_paths_parallel_links.py::TestRSVPLSPAddLSP3LSPs::test_1_lsp_unrouted test/test_rsvp_3rd_lsp_two_paths_parallel_links.py::TestRSVPLSPAddLSP3LSPs::test_auto_bw_adjust test/test_parallel_link_model.py::TestModel::test_node_source_demands,,Unmaintained,,pytest --randomly-seed=123;latest commit 2021/10/12
https://github.com/tukiains/cloudnetpy,26f2607b890630146469cfa410fce99438ceee3f,tests/unit/test_meta_for_old_files.py::test_fix_old_data_2,NIO,Opened,https://github.com/tukiains/cloudnetpy-legacy/pull/29,RepoArchived
https://github.com/uriyyo/instapi,6f972e2ae1ccc9a21eb6b18136ee677667cd4ba5,tests/unit_tests/models/test_media.py::test_media_info,NOD,Opened ,https://github.com/uriyyo/instapi/pull/139,
https://github.com/vkbo/novelWriter,559f2e53e410f9793ab08c2ef7ed308f75c92985,tests/test_project.py::testProjectNewCustom,NIO,DeveloperFixed,,
https://github.com/vkbo/novelWriter,559f2e53e410f9793ab08c2ef7ed308f75c92985,tests/test_project.py::testProjectNewMinimal,NIO,DeveloperFixed,,
https://github.com/wilfredinni/coo,da9e75d46ed65599cd2223b029ac30c08496a80b,tests/test_coo.py::test_schedule_time_zone_media,NIO,Accepted,https://github.com/wilfredinni/coo/pull/1,RepoArchived
https://github.com/wilfredinni/marlin,85f4ae0080ee9a25c1b8d2e481725ac9c42ca99f,tests/test_marlin.py::test_read_bookmark,NOD,Unmaintained,,latest commit 2021/08/14
https://github.com/wilfredinni/marlin,85f4ae0080ee9a25c1b8d2e481725ac9c42ca99f,tests/test_marlin.py::test_remove_bookmark,NOD,Unmaintained,,latest commit 2021/08/14
https://github.com/Windsooon/cherry,bc6ae1f0284d837fb95279098538530312313534,tests/test_classify.py::test_init,NIO,Opened,https://github.com/Windsooon/cherry/pull/19,
https://github.com/xlcnd/isbnlib,4dd24ceb7b686e78ee872d667014c6b3935b718c,isbnlib/test/test_cache.py::test_cache_del,NIO,Accepted,https://github.com/xlcnd/isbnlib/pull/100,
https://github.com/Yelp/kafka-utils,bde091515d1dcdd56b9272a3ab01b54742a60253,tests/kafka_rolling_restart/test_main.py::test_get_broker_list3,NIO,RepoArchived,,
https://github.com/Yelp/kafka-utils,bde091515d1dcdd56b9272a3ab01b54742a60253,tests/kafka_rolling_restart/test_main.py::test_wait_for_stable_cluster_success,NIO,RepoArchived,,
https://github.com/ylaizet/alphanum_code,fb5cd313dc41f046aac01ff01d6e1561d17894a6,tests/test_alphanum_code.py::test_init_code,NIO,Unmaintained,,latest commit 2018/10/19
https://github.com/Zabamund/wellpathpy,f29b14a9a1c46e77ea98b141e3cdc43674654ea2,wellpathpy/test/test_location.py::test_zero,NIO,Accepted,https://github.com/Zabamund/wellpathpy/pull/50,
https://github.com/zdhoward/aud,2dfc81dad3da78537e1b1c6f5cc5630ba5b837f9,aud/test_aud.py::test_afx_2,NOD,Unmaintained,,latest commit 2020/10/12
https://github.com/zdhoward/aud,2dfc81dad3da78537e1b1c6f5cc5630ba5b837f9,aud/test_aud.py::test_afx_3,NOD,Unmaintained,,latest commit 2020/10/12
https://github.com/zdhoward/aud,2dfc81dad3da78537e1b1c6f5cc5630ba5b837f9,aud/test_aud.py::test_config,NOD,Unmaintained,,latest commit 2020/10/12
https://github.com/zdhoward/aud,2dfc81dad3da78537e1b1c6f5cc5630ba5b837f9,aud/test_aud.py::test_dir,NOD,Unmaintained,,latest commit 2020/10/12
https://github.com/zdhoward/aud,2dfc81dad3da78537e1b1c6f5cc5630ba5b837f9,aud/test_aud.py::test_export,NOD,Unmaintained,,latest commit 2020/10/12
https://github.com/zdhoward/aud,2dfc81dad3da78537e1b1c6f5cc5630ba5b837f9,aud/test_aud.py::test_name,NOD,Unmaintained,,latest commit 2020/10/12
https://github.com/zerotosingularity/pdl,cb22f929bddb51d8db16a4efede5ceaaf6fcd906,tests/test_pdl.py::pdl_test_helper,NIO,Accepted,https://github.com/zerotosingularity/pdl/pull/6,
